fid,objectid,dtcc,municipio,designacao_no_plano,classe_2021,categoria_2021,escala_origem,fonte,area_ha,autor,data_pub_origem,registo_ou_deposito,situacao_pdm,codigo
90967,90967,1308,MATOSINHOS,Rio Leça,Solo Rústico,Espaço Natural e Paisagístico,1/15000,CM - Vectorial e Raster,0.061209640879696235,DGT,2019-08-21 00:00:00+00:00,01.13.08/PDM/03/2019/166,Vigente,11
90968,90968,1308,MATOSINHOS,Linha de Água,Solo Rústico,Espaço Natural e Paisagístico,1/15000,CM - Vectorial e Raster,0.0484648511326639,DGT,2019-08-21 00:00:00+00:00,01.13.08/PDM/03/2019/166,Vigente,11
90969,90969,1308,MATOSINHOS,Linha de Água,Solo Rústico,Espaço Natural e Paisagístico,1/15000,CM - Vectorial e Raster,0.047215365731960626,DGT,2019-08-21 00:00:00+00:00,01.13.08/PDM/03/2019/166,Vigente,11
90970,90970,1308,MATOSINHOS,Linha de Água,Solo Rústico,Espaço Natural e Paisagístico,1/15000,CM - Vectorial e Raster,0.2653544789941516,DGT,2019-08-21 00:00:00+00:00,01.13.08/PDM/03/2019/166,Vigente,11
90971,90971,1308,MATOSINHOS,Linha de Água,Solo Rústico,Espaço Natural e Paisagístico,1/15000,CM - Vectorial e Raster,0.0431349062930909,DGT,2019-08-21 00:00:00+00:00,01.13.08/PDM/03/2019/166,Vigente,11
90972,90972,1308,MATOSINHOS,Linha de Água,Solo Rústico,Espaço Natural e Paisagístico,1/15000,CM - Vectorial e Raster,0.1373226273268694,DGT,2019-08-21 00:00:00+00:00,01.13.08/PDM/03/2019/166,Vigente,11
90973,90973,1308,MATOSINHOS,Solo Rústico - Espaços Agrícolas,Solo Rústico,Espaço Agrícola,1/15000,CM - Vectorial e Raster,0.014275179191445931,DGT,2019-08-21 00:00:00+00:00,01.13.08/PDM/03/2019/166,Vigente,8
90974,90974,1308,MATOSINHOS,Linha de Água,Solo Rústico,Espaço Natural e Paisagístico,1/15000,CM - Vectorial e Raster,0.13046446276572532,DGT,2019-08-21 00:00:00+00:00,01.13.08/PDM/03/2019/166,Vigente,11
90975,90975,1308,MATOSINHOS,Linha de Água,Solo Rústico,Espaço Natural e Paisagístico,1/15000,CM - Vectorial e Raster,3.201561359614262,DGT,2019-08-21 00:00:00+00:00,01.13.08/PDM/03/2019/166,Vigente,11
90976,90976,1308,MATOSINHOS,Solo Rústico - Espaços Naturais e Paisagísticos ,Solo Rústico,Espaço Natural e Paisagístico,1/15000,CM - Vectorial e Raster,0.47985585743796544,DGT,2019-08-21 00:00:00+00:00,01.13.08/PDM/03/2019/166,Vigente,11
90977,90977,1308,MATOSINHOS,Solo Rústico - Espaços Naturais e Paisagísticos ,Solo Rústico,Espaço Natural e Paisagístico,1/15000,CM - Vectorial e Raster,0.00893861384665288,DGT,2019-08-21 00:00:00+00:00,01.13.08/PDM/03/2019/166,Vigente,11
90978,90978,1308,MATOSINHOS,Solo Rústico - Espaços Naturais e Paisagísticos ,Solo Rústico,Espaço Natural e Paisagístico,1/15000,CM - Vectorial e Raster,0.026772375047329114,DGT,2019-08-21 00:00:00+00:00,01.13.08/PDM/03/2019/166,Vigente,11
90979,90979,1308,MATOSINHOS,Solo Rústico - Espaços Naturais e Paisagísticos ,Solo Rústico,Espaço Natural e Paisagístico,1/15000,CM - Vectorial e Raster,0.059968731065728934,DGT,2019-08-21 00:00:00+00:00,01.13.08/PDM/03/2019/166,Vigente,11
90980,90980,1308,MATOSINHOS,Solo Urbano - Espaços Urbanos de Baixa Densidade,Solo Urbano,Espaço Urbano de Baixa Densidade,1/15000,CM - Vectorial e Raster,1.1315249889211845,DGT,2019-08-21 00:00:00+00:00,01.13.08/PDM/03/2019/166,Vigente,4
90981,90981,1308,MATOSINHOS,Solo Rústico - Espaços Naturais e Paisagísticos ,Solo Rústico,Espaço Natural e Paisagístico,1/15000,CM - Vectorial e Raster,2.9498967977470603,DGT,2019-08-21 00:00:00+00:00,01.13.08/PDM/03/2019/166,Vigente,11
90982,90982,1308,MATOSINHOS,Solo Rústico - Espaços Naturais e Paisagísticos ,Solo Rústico,Espaço Natural e Paisagístico,1/15000,CM - Vectorial e Raster,0.2949778416755318,DGT,2019-08-21 00:00:00+00:00,01.13.08/PDM/03/2019/166,Vigente,11
90983,90983,1308,MATOSINHOS,Solo Rústico - Espaços Agrícolas,Solo Rústico,Espaço Agrícola,1/15000,CM - Vectorial e Raster,0.3662761266193353,DGT,2019-08-21 00:00:00+00:00,01.13.08/PDM/03/2019/166,Vigente,8
90984,90984,1308,MATOSINHOS,Solo Rústico - Espaços Florestais,Solo Rústico,Espaço Florestal,1/15000,CM - Vectorial e Raster,3.853886380837858,DGT,2019-08-21 00:00:00+00:00,01.13.08/PDM/03/2019/166,Vigente,9
90985,90985,1308,MATOSINHOS,Solo Rústico - Espaços Agrícolas,Solo Rústico,Espaço Agrícola,1/15000,CM - Vectorial e Raster,3.2286224257022664,DGT,2019-08-21 00:00:00+00:00,01.13.08/PDM/03/2019/166,Vigente,8
90986,90986,1308,MATOSINHOS,Solo Urbano - Espaços Urbanos de Baixa Densidade,Solo Urbano,Espaço Urbano de Baixa Densidade,1/15000,CM - Vectorial e Raster,29.251007390954207,DGT,2019-08-21 00:00:00+00:00,01.13.08/PDM/03/2019/166,Vigente,4
90987,90987,1308,MATOSINHOS,Solo Rústico - Espaços Agrícolas,Solo Rústico,Espaço Agrícola,1/15000,CM - Vectorial e Raster,1.083081120840367,DGT,2019-08-21 00:00:00+00:00,01.13.08/PDM/03/2019/166,Vigente,8
90988,90988,1308,MATOSINHOS,Solo Rústico - Espaços Agrícolas,Solo Rústico,Espaço Agrícola,1/15000,CM - Vectorial e Raster,1.0214278487680306,DGT,2019-08-21 00:00:00+00:00,01.13.08/PDM/03/2019/166,Vigente,8
90989,90989,1308,MATOSINHOS,Solo Rústico - Espaços Agrícolas,Solo Rústico,Espaço Agrícola,1/15000,CM - Vectorial e Raster,1.6078162255627744,DGT,2019-08-21 00:00:00+00:00,01.13.08/PDM/03/2019/166,Vigente,8
90990,90990,1308,MATOSINHOS,Solo Rústico - Espaços Agrícolas,Solo Rústico,Espaço Agrícola,1/15000,CM - Vectorial e Raster,0.19811572146039907,DGT,2019-08-21 00:00:00+00:00,01.13.08/PDM/03/2019/166,Vigente,8
90991,90991,1308,MATOSINHOS,Solo Rústico - Espaços Florestais,Solo Rústico,Espaço Florestal,1/15000,CM - Vectorial e Raster,11.624700801981476,DGT,2019-08-21 00:00:00+00:00,01.13.08/PDM/03/2019/166,Vigente,9
90992,90992,1308,MATOSINHOS,Solo Urbano - Espaços Urbanos de Baixa Densidade,Solo Urbano,Espaço Urbano de Baixa Densidade,1/15000,CM - Vectorial e Raster,3.0041530359802397,DGT,2019-08-21 00:00:00+00:00,01.13.08/PDM/03/2019/166,Vigente,4
90993,90993,1308,MATOSINHOS,Solo Rústico - Espaços Naturais e Paisagísticos ,Solo Rústico,Espaço Natural e Paisagístico,1/15000,CM - Vectorial e Raster,0.935854716280778,DGT,2019-08-21 00:00:00+00:00,01.13.08/PDM/03/2019/166,Vigente,11
90994,90994,1308,MATOSINHOS,Solo Rústico - Espaços Naturais e Paisagísticos ,Solo Rústico,Espaço Natural e Paisagístico,1/15000,CM - Vectorial e Raster,0.7225402033937455,DGT,2019-08-21 00:00:00+00:00,01.13.08/PDM/03/2019/166,Vigente,11
90995,90995,1308,MATOSINHOS,Solo Rústico - Espaços Florestais,Solo Rústico,Espaço Florestal,1/15000,CM - Vectorial e Raster,0.7473114481540135,DGT,2019-08-21 00:00:00+00:00,01.13.08/PDM/03/2019/166,Vigente,9
90996,90996,1308,MATOSINHOS,Solo Rústico - Espaços Naturais e Paisagísticos ,Solo Rústico,Espaço Natural e Paisagístico,1/15000,CM - Vectorial e Raster,0.020651245862687937,DGT,2019-08-21 00:00:00+00:00,01.13.08/PDM/03/2019/166,Vigente,11
90997,90997,1308,MATOSINHOS,Rio Leça,Solo Rústico,Espaço Natural e Paisagístico,1/15000,CM - Vectorial e Raster,1.9749055718401578,DGT,2019-08-21 00:00:00+00:00,01.13.08/PDM/03/2019/166,Vigente,11
90998,90998,1308,MATOSINHOS,Solo Rústico - Espaços Naturais e Paisagísticos ,Solo Rústico,Espaço Natural e Paisagístico,1/15000,CM - Vectorial e Raster,0.007355151748214303,DGT,2019-08-21 00:00:00+00:00,01.13.08/PDM/03/2019/166,Vigente,11
90999,90999,1308,MATOSINHOS,Solo Rústico - Espaços Naturais e Paisagísticos ,Solo Rústico,Espaço Natural e Paisagístico,1/15000,CM - Vectorial e Raster,0.025651909891789546,DGT,2019-08-21 00:00:00+00:00,01.13.08/PDM/03/2019/166,Vigente,11
91000,91000,1308,MATOSINHOS,Solo Rústico - Espaços Naturais e Paisagísticos ,Solo Rústico,Espaço Natural e Paisagístico,1/15000,CM - Vectorial e Raster,0.006986306076520123,DGT,2019-08-21 00:00:00+00:00,01.13.08/PDM/03/2019/166,Vigente,11
91001,91001,1308,MATOSINHOS,Solo Urbano -  Espaços de Atividades Económicas - Áreas de Atividades Económicas e Estrutura Verde Urbana,Solo Urbano,Espaço de Atividades Económicas,1/15000,CM - Vectorial e Raster,9.174715569303395,DGT,2019-08-21 00:00:00+00:00,01.13.08/PDM/03/2019/166,Vigente,5
91002,91002,1308,MATOSINHOS,Solo Rústico - Espaços Agrícolas,Solo Rústico,Espaço Agrícola,1/15000,CM - Vectorial e Raster,3.8249390515081583,DGT,2019-08-21 00:00:00+00:00,01.13.08/PDM/03/2019/166,Vigente,8
91003,91003,1308,MATOSINHOS,Solo Rústico - Espaços Agrícolas,Solo Rústico,Espaço Agrícola,1/15000,CM - Vectorial e Raster,1.3231191929734196,DGT,2019-08-21 00:00:00+00:00,01.13.08/PDM/03/2019/166,Vigente,8
91004,91004,1308,MATOSINHOS,Solo Urbano - Espaços Urbanos de Baixa Densidade,Solo Urbano,Espaço Urbano de Baixa Densidade,1/15000,CM - Vectorial e Raster,5.514817720478188,DGT,2019-08-21 00:00:00+00:00,01.13.08/PDM/03/2019/166,Vigente,4
91005,91005,1308,MATOSINHOS,Solo Rústico - Espaços Agrícolas,Solo Rústico,Espaço Agrícola,1/15000,CM - Vectorial e Raster,3.2888780743604524,DGT,2019-08-21 00:00:00+00:00,01.13.08/PDM/03/2019/166,Vigente,8
91006,91006,1308,MATOSINHOS,Solo Urbano - Espaços Urbanos de Baixa Densidade,Solo Urbano,Espaço Urbano de Baixa Densidade,1/15000,CM - Vectorial e Raster,0.47360727825481447,DGT,2019-08-21 00:00:00+00:00,01.13.08/PDM/03/2019/166,Vigente,4
91007,91007,1308,MATOSINHOS,Solo Urbano - Espaços Urbanos de Baixa Densidade,Solo Urbano,Espaço Urbano de Baixa Densidade,1/15000,CM - Vectorial e Raster,0.38054060832401737,DGT,2019-08-21 00:00:00+00:00,01.13.08/PDM/03/2019/166,Vigente,4
91008,91008,1308,MATOSINHOS,Solo Urbano - Espaços Urbanos de Baixa Densidade,Solo Urbano,Espaço Urbano de Baixa Densidade,1/15000,CM - Vectorial e Raster,0.35103533903104545,DGT,2019-08-21 00:00:00+00:00,01.13.08/PDM/03/2019/166,Vigente,4
91009,91009,1308,MATOSINHOS,Solo Rústico - Espaços Agrícolas,Solo Rústico,Espaço Agrícola,1/15000,CM - Vectorial e Raster,185.7803608868715,DGT,2019-08-21 00:00:00+00:00,01.13.08/PDM/03/2019/166,Vigente,8
91010,91010,1308,MATOSINHOS,Solo Rústico - Espaços Agrícolas,Solo Rústico,Espaço Agrícola,1/15000,CM - Vectorial e Raster,20.195681532775524,DGT,2019-08-21 00:00:00+00:00,01.13.08/PDM/03/2019/166,Vigente,8
91011,91011,1308,MATOSINHOS,Solo Rústico - Espaços Agrícolas,Solo Rústico,Espaço Agrícola,1/15000,CM - Vectorial e Raster,1.925274436342623,DGT,2019-08-21 00:00:00+00:00,01.13.08/PDM/03/2019/166,Vigente,8
91012,91012,1308,MATOSINHOS,Solo Rústico - Espaços Naturais e Paisagísticos ,Solo Rústico,Espaço Natural e Paisagístico,1/15000,CM - Vectorial e Raster,18.254278875135597,DGT,2019-08-21 00:00:00+00:00,01.13.08/PDM/03/2019/166,Vigente,11
91013,91013,1308,MATOSINHOS,Solo Rústico - Espaços Agrícolas,Solo Rústico,Espaço Agrícola,1/15000,CM - Vectorial e Raster,2.852370210323669,DGT,2019-08-21 00:00:00+00:00,01.13.08/PDM/03/2019/166,Vigente,8
91014,91014,1308,MATOSINHOS,Solo Rústico - Espaços Naturais e Paisagísticos ,Solo Rústico,Espaço Natural e Paisagístico,1/15000,CM - Vectorial e Raster,0.3626117168984056,DGT,2019-08-21 00:00:00+00:00,01.13.08/PDM/03/2019/166,Vigente,11
91015,91015,1308,MATOSINHOS,Solo Rústico - Espaços Agrícolas,Solo Rústico,Espaço Agrícola,1/15000,CM - Vectorial e Raster,0.15822345561177645,DGT,2019-08-21 00:00:00+00:00,01.13.08/PDM/03/2019/166,Vigente,8
91016,91016,1308,MATOSINHOS,Solo Rústico - Espaços Agrícolas,Solo Rústico,Espaço Agrícola,1/15000,CM - Vectorial e Raster,91.30468967374117,DGT,2019-08-21 00:00:00+00:00,01.13.08/PDM/03/2019/166,Vigente,8
91017,91017,1308,MATOSINHOS,Solo Rústico - Espaços Naturais e Paisagísticos ,Solo Rústico,Espaço Natural e Paisagístico,1/15000,CM - Vectorial e Raster,0.47419579623718744,DGT,2019-08-21 00:00:00+00:00,01.13.08/PDM/03/2019/166,Vigente,11
91018,91018,1308,MATOSINHOS,Solo Rústico - Espaços Agrícolas,Solo Rústico,Espaço Agrícola,1/15000,CM - Vectorial e Raster,0.19875254100621678,DGT,2019-08-21 00:00:00+00:00,01.13.08/PDM/03/2019/166,Vigente,8
91019,91019,1308,MATOSINHOS,Solo Rústico - Espaços Agrícolas,Solo Rústico,Espaço Agrícola,1/15000,CM - Vectorial e Raster,0.4046988575308933,DGT,2019-08-21 00:00:00+00:00,01.13.08/PDM/03/2019/166,Vigente,8
91020,91020,1308,MATOSINHOS,Solo Rústico - Espaços Agrícolas,Solo Rústico,Espaço Agrícola,1/15000,CM - Vectorial e Raster,2.663661333813227,DGT,2019-08-21 00:00:00+00:00,01.13.08/PDM/03/2019/166,Vigente,8
91021,91021,1308,MATOSINHOS,Solo Rústico - Espaços Naturais e Paisagísticos ,Solo Rústico,Espaço Natural e Paisagístico,1/15000,CM - Vectorial e Raster,0.6398984393753155,DGT,2019-08-21 00:00:00+00:00,01.13.08/PDM/03/2019/166,Vigente,11
91022,91022,1308,MATOSINHOS,Solo Rústico - Espaços Agrícolas,Solo Rústico,Espaço Agrícola,1/15000,CM - Vectorial e Raster,2.806026440975876,DGT,2019-08-21 00:00:00+00:00,01.13.08/PDM/03/2019/166,Vigente,8
91023,91023,1308,MATOSINHOS,Solo Rústico - Espaços Naturais e Paisagísticos ,Solo Rústico,Espaço Natural e Paisagístico,1/15000,CM - Vectorial e Raster,1.7672069395624508,DGT,2019-08-21 00:00:00+00:00,01.13.08/PDM/03/2019/166,Vigente,11
91024,91024,1308,MATOSINHOS,Solo Rústico - Espaços Agrícolas,Solo Rústico,Espaço Agrícola,1/15000,CM - Vectorial e Raster,0.039108935148158344,DGT,2019-08-21 00:00:00+00:00,01.13.08/PDM/03/2019/166,Vigente,8
91025,91025,1308,MATOSINHOS,Solo Urbano - Espaços Urbanos de Baixa Densidade,Solo Urbano,Espaço Urbano de Baixa Densidade,1/15000,CM - Vectorial e Raster,1.1977352641881327,DGT,2019-08-21 00:00:00+00:00,01.13.08/PDM/03/2019/166,Vigente,4
91026,91026,1308,MATOSINHOS,Solo Urbano - Espaços de Atividades Económicas - Áreas de Atividades Económicas,Solo Urbano,Espaço de Atividades Económicas,1/15000,CM - Vectorial e Raster,3.8771748386029152,DGT,2019-08-21 00:00:00+00:00,01.13.08/PDM/03/2019/166,Vigente,5
91027,91027,1308,MATOSINHOS,Solo Rústico - Espaços Agrícolas,Solo Rústico,Espaço Agrícola,1/15000,CM - Vectorial e Raster,3.6038236692565797,DGT,2019-08-21 00:00:00+00:00,01.13.08/PDM/03/2019/166,Vigente,8
91028,91028,1308,MATOSINHOS,Solo Urbano -  Espaços de Atividades Económicas - Áreas de Atividades Económicas e Estrutura Verde Urbana,Solo Urbano,Espaço de Atividades Económicas,1/15000,CM - Vectorial e Raster,3.7042892905776563,DGT,2019-08-21 00:00:00+00:00,01.13.08/PDM/03/2019/166,Vigente,5
91029,91029,1308,MATOSINHOS,Solo Urbano -  Espaços de Atividades Económicas - Áreas de Atividades Económicas e Estrutura Verde Urbana,Solo Urbano,Espaço de Atividades Económicas,1/15000,CM - Vectorial e Raster,7.572973974357266,DGT,2019-08-21 00:00:00+00:00,01.13.08/PDM/03/2019/166,Vigente,5
91030,91030,1308,MATOSINHOS,Solo Urbano - Espaços Urbanos de Baixa Densidade,Solo Urbano,Espaço Urbano de Baixa Densidade,1/15000,CM - Vectorial e Raster,0.2287953837819572,DGT,2019-08-21 00:00:00+00:00,01.13.08/PDM/03/2019/166,Vigente,4
91031,91031,1308,MATOSINHOS,Linha de Água,Solo Rústico,Espaço Natural e Paisagístico,1/15000,CM - Vectorial e Raster,0.08117016815140524,DGT,2019-08-21 00:00:00+00:00,01.13.08/PDM/03/2019/166,Vigente,11
91032,91032,1308,MATOSINHOS,Linha de Água,Solo Rústico,Espaço Natural e Paisagístico,1/15000,CM - Vectorial e Raster,0.6782358249215155,DGT,2019-08-21 00:00:00+00:00,01.13.08/PDM/03/2019/166,Vigente,11
91033,91033,1308,MATOSINHOS,Solo Rústico - Espaços Naturais e Paisagísticos ,Solo Rústico,Espaço Natural e Paisagístico,1/15000,CM - Vectorial e Raster,1.5849069973015226,DGT,2019-08-21 00:00:00+00:00,01.13.08/PDM/03/2019/166,Vigente,11
91034,91034,1308,MATOSINHOS,Solo Rústico - Espaços Agrícolas,Solo Rústico,Espaço Agrícola,1/15000,CM - Vectorial e Raster,0.41538072200607273,DGT,2019-08-21 00:00:00+00:00,01.13.08/PDM/03/2019/166,Vigente,8
91035,91035,1308,MATOSINHOS,Solo Urbano - Espaços Urbanos de Baixa Densidade,Solo Urbano,Espaço Urbano de Baixa Densidade,1/15000,CM - Vectorial e Raster,48.362456475681554,DGT,2019-08-21 00:00:00+00:00,01.13.08/PDM/03/2019/166,Vigente,4
91036,91036,1308,MATOSINHOS,Solo Rústico - Espaços Florestais,Solo Rústico,Espaço Florestal,1/15000,CM - Vectorial e Raster,8.268865015670471,DGT,2019-08-21 00:00:00+00:00,01.13.08/PDM/03/2019/166,Vigente,9
91037,91037,1308,MATOSINHOS,Solo Rústico - Espaços Naturais e Paisagísticos ,Solo Rústico,Espaço Natural e Paisagístico,1/15000,CM - Vectorial e Raster,36.616624261073746,DGT,2019-08-21 00:00:00+00:00,01.13.08/PDM/03/2019/166,Vigente,11
91038,91038,1308,MATOSINHOS,Linha de Água,Solo Rústico,Espaço Natural e Paisagístico,1/15000,CM - Vectorial e Raster,0.15542029528711573,DGT,2019-08-21 00:00:00+00:00,01.13.08/PDM/03/2019/166,Vigente,11
91039,91039,1308,MATOSINHOS,Solo Rústico - Espaços Agrícolas,Solo Rústico,Espaço Agrícola,1/15000,CM - Vectorial e Raster,0.055588733009096176,DGT,2019-08-21 00:00:00+00:00,01.13.08/PDM/03/2019/166,Vigente,8
91040,91040,1308,MATOSINHOS,Solo Rústico - Espaços Naturais e Paisagísticos ,Solo Rústico,Espaço Natural e Paisagístico,1/15000,CM - Vectorial e Raster,2.741662301046174,DGT,2019-08-21 00:00:00+00:00,01.13.08/PDM/03/2019/166,Vigente,11
91041,91041,1308,MATOSINHOS,Linha de Água,Solo Rústico,Espaço Natural e Paisagístico,1/15000,CM - Vectorial e Raster,1.1502952967134072,DGT,2019-08-21 00:00:00+00:00,01.13.08/PDM/03/2019/166,Vigente,11
91042,91042,1308,MATOSINHOS,Solo Rústico - Espaços Agrícolas,Solo Rústico,Espaço Agrícola,1/15000,CM - Vectorial e Raster,125.73538112302874,DGT,2019-08-21 00:00:00+00:00,01.13.08/PDM/03/2019/166,Vigente,8
91043,91043,1308,MATOSINHOS,Solo Rústico - Espaços Naturais e Paisagísticos ,Solo Rústico,Espaço Natural e Paisagístico,1/15000,CM - Vectorial e Raster,0.746401781031699,DGT,2019-08-21 00:00:00+00:00,01.13.08/PDM/03/2019/166,Vigente,11
91044,91044,1308,MATOSINHOS,Solo Urbano - Espaços Urbanos de Baixa Densidade,Solo Urbano,Espaço Urbano de Baixa Densidade,1/15000,CM - Vectorial e Raster,1.4870516591517837,DGT,2019-08-21 00:00:00+00:00,01.13.08/PDM/03/2019/166,Vigente,4
91045,91045,1308,MATOSINHOS,Solo Rústico - Espaços Naturais e Paisagísticos ,Solo Rústico,Espaço Natural e Paisagístico,1/15000,CM - Vectorial e Raster,1.4186307602846064,DGT,2019-08-21 00:00:00+00:00,01.13.08/PDM/03/2019/166,Vigente,11
91046,91046,1308,MATOSINHOS,Solo Rústico - Espaços Florestais,Solo Rústico,Espaço Florestal,1/15000,CM - Vectorial e Raster,3.5376781042562295,DGT,2019-08-21 00:00:00+00:00,01.13.08/PDM/03/2019/166,Vigente,9
91047,91047,1308,MATOSINHOS,Solo Rústico - Espaços Agrícolas,Solo Rústico,Espaço Agrícola,1/15000,CM - Vectorial e Raster,0.200413498244324,DGT,2019-08-21 00:00:00+00:00,01.13.08/PDM/03/2019/166,Vigente,8
91048,91048,1308,MATOSINHOS,Solo Rústico - Espaços Agrícolas,Solo Rústico,Espaço Agrícola,1/15000,CM - Vectorial e Raster,1.4913243022386473,DGT,2019-08-21 00:00:00+00:00,01.13.08/PDM/03/2019/166,Vigente,8
91049,91049,1308,MATOSINHOS,Solo Urbano - Espaços de Atividades Económicas - Áreas de Atividades Económicas,Solo Urbano,Espaço de Atividades Económicas,1/15000,CM - Vectorial e Raster,15.017509591811825,DGT,2019-08-21 00:00:00+00:00,01.13.08/PDM/03/2019/166,Vigente,5
91050,91050,1308,MATOSINHOS,Solo Rústico - Espaços Agrícolas,Solo Rústico,Espaço Agrícola,1/15000,CM - Vectorial e Raster,0.11892202581400052,DGT,2019-08-21 00:00:00+00:00,01.13.08/PDM/03/2019/166,Vigente,8
91051,91051,1308,MATOSINHOS,Solo Rústico - Espaços Agrícolas,Solo Rústico,Espaço Agrícola,1/15000,CM - Vectorial e Raster,0.17367399878015277,DGT,2019-08-21 00:00:00+00:00,01.13.08/PDM/03/2019/166,Vigente,8
91052,91052,1308,MATOSINHOS,Solo Rústico - Espaços Agrícolas,Solo Rústico,Espaço Agrícola,1/15000,CM - Vectorial e Raster,0.6324932785931277,DGT,2019-08-21 00:00:00+00:00,01.13.08/PDM/03/2019/166,Vigente,8
91053,91053,1308,MATOSINHOS,Solo Urbano - Espaços Verdes,Solo Urbano,Espaço Verde,1/15000,CM - Vectorial e Raster,3.18391202512132,DGT,2019-08-21 00:00:00+00:00,01.13.08/PDM/03/2019/166,Vigente,7
91054,91054,1308,MATOSINHOS,Solo Rústico - Espaços Agrícolas,Solo Rústico,Espaço Agrícola,1/15000,CM - Vectorial e Raster,0.14924146396834403,DGT,2019-08-21 00:00:00+00:00,01.13.08/PDM/03/2019/166,Vigente,8
91055,91055,1308,MATOSINHOS,Solo Rústico - Espaços Agrícolas,Solo Rústico,Espaço Agrícola,1/15000,CM - Vectorial e Raster,0.0010455813936248888,DGT,2019-08-21 00:00:00+00:00,01.13.08/PDM/03/2019/166,Vigente,8
91056,91056,1308,MATOSINHOS,Solo Rústico - Espaços Agrícolas,Solo Rústico,Espaço Agrícola,1/15000,CM - Vectorial e Raster,1.4657597367479467,DGT,2019-08-21 00:00:00+00:00,01.13.08/PDM/03/2019/166,Vigente,8
91057,91057,1308,MATOSINHOS,Solo Rústico - Espaços Agrícolas,Solo Rústico,Espaço Agrícola,1/15000,CM - Vectorial e Raster,0.31672442063144407,DGT,2019-08-21 00:00:00+00:00,01.13.08/PDM/03/2019/166,Vigente,8
91058,91058,1308,MATOSINHOS,Solo Rústico - Espaços Agrícolas,Solo Rústico,Espaço Agrícola,1/15000,CM - Vectorial e Raster,0.6683895436966326,DGT,2019-08-21 00:00:00+00:00,01.13.08/PDM/03/2019/166,Vigente,8
91059,91059,1308,MATOSINHOS,Solo Urbano - Espaços Urbanos de Baixa Densidade,Solo Urbano,Espaço Urbano de Baixa Densidade,1/15000,CM - Vectorial e Raster,31.771665355577344,DGT,2019-08-21 00:00:00+00:00,01.13.08/PDM/03/2019/166,Vigente,4
91060,91060,1308,MATOSINHOS,Solo Rústico - Espaços Agrícolas,Solo Rústico,Espaço Agrícola,1/15000,CM - Vectorial e Raster,1.1985096970918705,DGT,2019-08-21 00:00:00+00:00,01.13.08/PDM/03/2019/166,Vigente,8
91061,91061,1308,MATOSINHOS,Solo Rústico - Espaços Naturais e Paisagísticos ,Solo Rústico,Espaço Natural e Paisagístico,1/15000,CM - Vectorial e Raster,0.17389534449517086,DGT,2019-08-21 00:00:00+00:00,01.13.08/PDM/03/2019/166,Vigente,11
91062,91062,1308,MATOSINHOS,Solo Urbano - Espaços Urbanos de Baixa Densidade,Solo Urbano,Espaço Urbano de Baixa Densidade,1/15000,CM - Vectorial e Raster,32.54682742838906,DGT,2019-08-21 00:00:00+00:00,01.13.08/PDM/03/2019/166,Vigente,4
91063,91063,1308,MATOSINHOS,Solo Urbano - Espaços de Atividades Económicas - Áreas de Atividades Económicas,Solo Urbano,Espaço de Atividades Económicas,1/15000,CM - Vectorial e Raster,83.6912952875313,DGT,2019-08-21 00:00:00+00:00,01.13.08/PDM/03/2019/166,Vigente,5
91064,91064,1308,MATOSINHOS,Solo Rústico - Espaços Naturais e Paisagísticos ,Solo Rústico,Espaço Natural e Paisagístico,1/15000,CM - Vectorial e Raster,1.2248813998273356,DGT,2019-08-21 00:00:00+00:00,01.13.08/PDM/03/2019/166,Vigente,11
91065,91065,1308,MATOSINHOS,Solo Rústico - Espaços Florestais,Solo Rústico,Espaço Florestal,1/15000,CM - Vectorial e Raster,0.9284834136914113,DGT,2019-08-21 00:00:00+00:00,01.13.08/PDM/03/2019/166,Vigente,9
91066,91066,1308,MATOSINHOS,Solo Rústico - Espaços Agrícolas,Solo Rústico,Espaço Agrícola,1/15000,CM - Vectorial e Raster,0.4447545175782638,DGT,2019-08-21 00:00:00+00:00,01.13.08/PDM/03/2019/166,Vigente,8
91067,91067,1308,MATOSINHOS,Solo Rústico - Espaços Agrícolas,Solo Rústico,Espaço Agrícola,1/15000,CM - Vectorial e Raster,0.019126863837923155,DGT,2019-08-21 00:00:00+00:00,01.13.08/PDM/03/2019/166,Vigente,8
91068,91068,1308,MATOSINHOS,Solo Urbano - Espaços Urbanos de Baixa Densidade,Solo Urbano,Espaço Urbano de Baixa Densidade,1/15000,CM - Vectorial e Raster,18.066717929536022,DGT,2019-08-21 00:00:00+00:00,01.13.08/PDM/03/2019/166,Vigente,4
91069,91069,1308,MATOSINHOS,Solo Urbano - Espaços Urbanos de Baixa Densidade,Solo Urbano,Espaço Urbano de Baixa Densidade,1/15000,CM - Vectorial e Raster,0.7822473164677533,DGT,2019-08-21 00:00:00+00:00,01.13.08/PDM/03/2019/166,Vigente,4
91070,91070,1308,MATOSINHOS,Solo Rústico - Espaços Agrícolas,Solo Rústico,Espaço Agrícola,1/15000,CM - Vectorial e Raster,22.85076060132299,DGT,2019-08-21 00:00:00+00:00,01.13.08/PDM/03/2019/166,Vigente,8
91071,91071,1308,MATOSINHOS,Solo Rústico - Espaços Agrícolas,Solo Rústico,Espaço Agrícola,1/15000,CM - Vectorial e Raster,0.10429872077587497,DGT,2019-08-21 00:00:00+00:00,01.13.08/PDM/03/2019/166,Vigente,8
91072,91072,1308,MATOSINHOS,Solo Rústico - Espaços Florestais,Solo Rústico,Espaço Florestal,1/15000,CM - Vectorial e Raster,3.940608417453058,DGT,2019-08-21 00:00:00+00:00,01.13.08/PDM/03/2019/166,Vigente,9
91073,91073,1308,MATOSINHOS,Solo Rústico - Espaços Agrícolas,Solo Rústico,Espaço Agrícola,1/15000,CM - Vectorial e Raster,0.4655417145593441,DGT,2019-08-21 00:00:00+00:00,01.13.08/PDM/03/2019/166,Vigente,8
91074,91074,1308,MATOSINHOS,Solo Rústico - Espaços Florestais,Solo Rústico,Espaço Florestal,1/15000,CM - Vectorial e Raster,1.9802292462051605,DGT,2019-08-21 00:00:00+00:00,01.13.08/PDM/03/2019/166,Vigente,9
91075,91075,1308,MATOSINHOS,Solo Rústico - Espaços Agrícolas,Solo Rústico,Espaço Agrícola,1/15000,CM - Vectorial e Raster,1.27436564583558,DGT,2019-08-21 00:00:00+00:00,01.13.08/PDM/03/2019/166,Vigente,8
91076,91076,1308,MATOSINHOS,Solo Rústico - Espaços Agrícolas,Solo Rústico,Espaço Agrícola,1/15000,CM - Vectorial e Raster,0.20620058682339149,DGT,2019-08-21 00:00:00+00:00,01.13.08/PDM/03/2019/166,Vigente,8
91077,91077,1308,MATOSINHOS,Solo Rústico - Espaços Agrícolas,Solo Rústico,Espaço Agrícola,1/15000,CM - Vectorial e Raster,0.3878976929337237,DGT,2019-08-21 00:00:00+00:00,01.13.08/PDM/03/2019/166,Vigente,8
91078,91078,1308,MATOSINHOS,Solo Rústico - Espaços Agrícolas,Solo Rústico,Espaço Agrícola,1/15000,CM - Vectorial e Raster,0.014342581800883636,DGT,2019-08-21 00:00:00+00:00,01.13.08/PDM/03/2019/166,Vigente,8
91079,91079,1308,MATOSINHOS,Solo Rústico - Espaços Agrícolas,Solo Rústico,Espaço Agrícola,1/15000,CM - Vectorial e Raster,0.055164399247840626,DGT,2019-08-21 00:00:00+00:00,01.13.08/PDM/03/2019/166,Vigente,8
91080,91080,1308,MATOSINHOS,Solo Rústico - Espaços Naturais e Paisagísticos ,Solo Rústico,Espaço Natural e Paisagístico,1/15000,CM - Vectorial e Raster,0.08845215149515716,DGT,2019-08-21 00:00:00+00:00,01.13.08/PDM/03/2019/166,Vigente,11
91081,91081,1308,MATOSINHOS,Solo Rústico - Espaços Agrícolas,Solo Rústico,Espaço Agrícola,1/15000,CM - Vectorial e Raster,121.5127417009919,DGT,2019-08-21 00:00:00+00:00,01.13.08/PDM/03/2019/166,Vigente,8
91082,91082,1308,MATOSINHOS,Solo Rústico - Espaços Florestais,Solo Rústico,Espaço Florestal,1/15000,CM - Vectorial e Raster,3.809099772873648,DGT,2019-08-21 00:00:00+00:00,01.13.08/PDM/03/2019/166,Vigente,9
91083,91083,1308,MATOSINHOS,Solo Rústico - Espaços Naturais e Paisagísticos ,Solo Rústico,Espaço Natural e Paisagístico,1/15000,CM - Vectorial e Raster,0.02790019045321387,DGT,2019-08-21 00:00:00+00:00,01.13.08/PDM/03/2019/166,Vigente,11
91084,91084,1308,MATOSINHOS,Solo Urbano - Espaços Urbanos de Baixa Densidade,Solo Urbano,Espaço Urbano de Baixa Densidade,1/15000,CM - Vectorial e Raster,84.19325000759724,DGT,2019-08-21 00:00:00+00:00,01.13.08/PDM/03/2019/166,Vigente,4
91085,91085,1308,MATOSINHOS,Solo Rústico - Espaços Naturais e Paisagísticos ,Solo Rústico,Espaço Natural e Paisagístico,1/15000,CM - Vectorial e Raster,0.4367252390822963,DGT,2019-08-21 00:00:00+00:00,01.13.08/PDM/03/2019/166,Vigente,11
91086,91086,1308,MATOSINHOS,Solo Rústico - Espaços Naturais e Paisagísticos ,Solo Rústico,Espaço Natural e Paisagístico,1/15000,CM - Vectorial e Raster,0.03383508283342235,DGT,2019-08-21 00:00:00+00:00,01.13.08/PDM/03/2019/166,Vigente,11
91087,91087,1308,MATOSINHOS,Solo Rústico - Espaços Naturais e Paisagísticos ,Solo Rústico,Espaço Natural e Paisagístico,1/15000,CM - Vectorial e Raster,0.4229115861224942,DGT,2019-08-21 00:00:00+00:00,01.13.08/PDM/03/2019/166,Vigente,11
91088,91088,1308,MATOSINHOS,Solo Rústico - Espaços Naturais e Paisagísticos ,Solo Rústico,Espaço Natural e Paisagístico,1/15000,CM - Vectorial e Raster,0.049911863647424615,DGT,2019-08-21 00:00:00+00:00,01.13.08/PDM/03/2019/166,Vigente,11
91089,91089,1308,MATOSINHOS,Solo Rústico - Espaços Naturais e Paisagísticos ,Solo Rústico,Espaço Natural e Paisagístico,1/15000,CM - Vectorial e Raster,0.9985315404426263,DGT,2019-08-21 00:00:00+00:00,01.13.08/PDM/03/2019/166,Vigente,11
91090,91090,1308,MATOSINHOS,Solo Rústico - Espaços Naturais e Paisagísticos ,Solo Rústico,Espaço Natural e Paisagístico,1/15000,CM - Vectorial e Raster,0.8709976980066858,DGT,2019-08-21 00:00:00+00:00,01.13.08/PDM/03/2019/166,Vigente,11
91091,91091,1308,MATOSINHOS,Linha de Água,Solo Rústico,Espaço Natural e Paisagístico,1/15000,CM - Vectorial e Raster,0.826002144724736,DGT,2019-08-21 00:00:00+00:00,01.13.08/PDM/03/2019/166,Vigente,11
91092,91092,1308,MATOSINHOS,Solo Rústico - Espaços Naturais e Paisagísticos ,Solo Rústico,Espaço Natural e Paisagístico,1/15000,CM - Vectorial e Raster,0.3092680510720209,DGT,2019-08-21 00:00:00+00:00,01.13.08/PDM/03/2019/166,Vigente,11
91093,91093,1308,MATOSINHOS,Linha de Água,Solo Rústico,Espaço Natural e Paisagístico,1/15000,CM - Vectorial e Raster,0.1626786452017259,DGT,2019-08-21 00:00:00+00:00,01.13.08/PDM/03/2019/166,Vigente,11
91094,91094,1308,MATOSINHOS,Solo Rústico - Espaços Naturais e Paisagísticos ,Solo Rústico,Espaço Natural e Paisagístico,1/15000,CM - Vectorial e Raster,0.2075332202639198,DGT,2019-08-21 00:00:00+00:00,01.13.08/PDM/03/2019/166,Vigente,11
91095,91095,1308,MATOSINHOS,Solo Rústico - Espaços Naturais e Paisagísticos ,Solo Rústico,Espaço Natural e Paisagístico,1/15000,CM - Vectorial e Raster,105.86988105883323,DGT,2019-08-21 00:00:00+00:00,01.13.08/PDM/03/2019/166,Vigente,11
91096,91096,1308,MATOSINHOS,Solo Urbano - Espaços de Atividades Económicas - Áreas de Logística,Solo Urbano,Espaço de Atividades Económicas,1/15000,CM - Vectorial e Raster,154.91226485840915,DGT,2019-08-21 00:00:00+00:00,01.13.08/PDM/03/2019/166,Vigente,5
91097,91097,1308,MATOSINHOS,Solo Rústico - Espaços Naturais e Paisagísticos ,Solo Rústico,Espaço Natural e Paisagístico,1/15000,CM - Vectorial e Raster,1.677237553148088,DGT,2019-08-21 00:00:00+00:00,01.13.08/PDM/03/2019/166,Vigente,11
91098,91098,1308,MATOSINHOS,Solo Rústico - Espaços Naturais e Paisagísticos ,Solo Rústico,Espaço Natural e Paisagístico,1/15000,CM - Vectorial e Raster,0.8065796712196898,DGT,2019-08-21 00:00:00+00:00,01.13.08/PDM/03/2019/166,Vigente,11
91099,91099,1308,MATOSINHOS,Solo Rústico - Espaços Naturais e Paisagísticos ,Solo Rústico,Espaço Natural e Paisagístico,1/15000,CM - Vectorial e Raster,0.31134005965412653,DGT,2019-08-21 00:00:00+00:00,01.13.08/PDM/03/2019/166,Vigente,11
91100,91100,1308,MATOSINHOS,Solo Rústico - Espaços Naturais e Paisagísticos ,Solo Rústico,Espaço Natural e Paisagístico,1/15000,CM - Vectorial e Raster,0.0008003065443277592,DGT,2019-08-21 00:00:00+00:00,01.13.08/PDM/03/2019/166,Vigente,11
91101,91101,1308,MATOSINHOS,Solo Rústico - Espaços Agrícolas,Solo Rústico,Espaço Agrícola,1/15000,CM - Vectorial e Raster,0.022705017693783157,DGT,2019-08-21 00:00:00+00:00,01.13.08/PDM/03/2019/166,Vigente,8
91102,91102,1308,MATOSINHOS,Solo Rústico - Espaços Naturais e Paisagísticos ,Solo Rústico,Espaço Natural e Paisagístico,1/15000,CM - Vectorial e Raster,0.5416157559071667,DGT,2019-08-21 00:00:00+00:00,01.13.08/PDM/03/2019/166,Vigente,11
91103,91103,1308,MATOSINHOS,Solo Rústico - Espaços Agrícolas,Solo Rústico,Espaço Agrícola,1/15000,CM - Vectorial e Raster,24.04032608583701,DGT,2019-08-21 00:00:00+00:00,01.13.08/PDM/03/2019/166,Vigente,8
91104,91104,1308,MATOSINHOS,Solo Rústico - Espaços Agrícolas,Solo Rústico,Espaço Agrícola,1/15000,CM - Vectorial e Raster,56.7505303123123,DGT,2019-08-21 00:00:00+00:00,01.13.08/PDM/03/2019/166,Vigente,8
91105,91105,1308,MATOSINHOS,Solo Urbano - Espaços de Atividades Económicas - Áreas de Logística,Solo Urbano,Espaço de Atividades Económicas,1/15000,CM - Vectorial e Raster,21.895780247478,DGT,2019-08-21 00:00:00+00:00,01.13.08/PDM/03/2019/166,Vigente,5
91106,91106,1308,MATOSINHOS,Solo Rústico - Espaços Agrícolas,Solo Rústico,Espaço Agrícola,1/15000,CM - Vectorial e Raster,0.012377498281886801,DGT,2019-08-21 00:00:00+00:00,01.13.08/PDM/03/2019/166,Vigente,8
91107,91107,1308,MATOSINHOS,Solo Rústico - Espaços Agrícolas,Solo Rústico,Espaço Agrícola,1/15000,CM - Vectorial e Raster,0.25620954149281605,DGT,2019-08-21 00:00:00+00:00,01.13.08/PDM/03/2019/166,Vigente,8
91108,91108,1308,MATOSINHOS,Solo Rústico - Espaços Naturais e Paisagísticos ,Solo Rústico,Espaço Natural e Paisagístico,1/15000,CM - Vectorial e Raster,1.7378153463165624,DGT,2019-08-21 00:00:00+00:00,01.13.08/PDM/03/2019/166,Vigente,11
91109,91109,1308,MATOSINHOS,Solo Urbano -  Espaços de Atividades Económicas - Áreas de Atividades Económicas e Estrutura Verde Urbana,Solo Urbano,Espaço de Atividades Económicas,1/15000,CM - Vectorial e Raster,35.251934385971886,DGT,2019-08-21 00:00:00+00:00,01.13.08/PDM/03/2019/166,Vigente,5
91110,91110,1308,MATOSINHOS,Solo Urbano - Espaços Urbanos de Baixa Densidade,Solo Urbano,Espaço Urbano de Baixa Densidade,1/15000,CM - Vectorial e Raster,4.3762564431122035,DGT,2019-08-21 00:00:00+00:00,01.13.08/PDM/03/2019/166,Vigente,4
91111,91111,1308,MATOSINHOS,Solo Urbano - Espaços Verdes,Solo Urbano,Espaço Verde,1/15000,CM - Vectorial e Raster,16.05301780319016,DGT,2019-08-21 00:00:00+00:00,01.13.08/PDM/03/2019/166,Vigente,7
91112,91112,1308,MATOSINHOS,Solo Urbano - Espaços Urbanos de Baixa Densidade,Solo Urbano,Espaço Urbano de Baixa Densidade,1/15000,CM - Vectorial e Raster,0.7083568058291799,DGT,2019-08-21 00:00:00+00:00,01.13.08/PDM/03/2019/166,Vigente,4
91113,91113,1308,MATOSINHOS,Solo Urbano - Espaços de Atividades Económicas - Áreas de Logística,Solo Urbano,Espaço de Atividades Económicas,1/15000,CM - Vectorial e Raster,29.713716436004173,DGT,2019-08-21 00:00:00+00:00,01.13.08/PDM/03/2019/166,Vigente,5
91114,91114,1308,MATOSINHOS,Solo Rústico - Espaços Agrícolas,Solo Rústico,Espaço Agrícola,1/15000,CM - Vectorial e Raster,63.96548665374587,DGT,2019-08-21 00:00:00+00:00,01.13.08/PDM/03/2019/166,Vigente,8
91115,91115,1308,MATOSINHOS,Solo Urbano - Espaços Urbanos de Baixa Densidade,Solo Urbano,Espaço Urbano de Baixa Densidade,1/15000,CM - Vectorial e Raster,14.975833984015782,DGT,2019-08-21 00:00:00+00:00,01.13.08/PDM/03/2019/166,Vigente,4
91116,91116,1308,MATOSINHOS,Solo Urbano - Espaços Centrais,Solo Urbano,Espaço Central,1/15000,CM - Vectorial e Raster,1435.5640284882202,DGT,2019-08-21 00:00:00+00:00,01.13.08/PDM/03/2019/166,Vigente,2
91117,91117,1308,MATOSINHOS,Solo Urbano - Espaços de Atividades Económicas - Áreas de Atividades Económicas,Solo Urbano,Espaço de Atividades Económicas,1/15000,CM - Vectorial e Raster,82.18623768751603,DGT,2019-08-21 00:00:00+00:00,01.13.08/PDM/03/2019/166,Vigente,5
91118,91118,1308,MATOSINHOS,Solo Urbano - Espaços Urbanos de Baixa Densidade,Solo Urbano,Espaço Urbano de Baixa Densidade,1/15000,CM - Vectorial e Raster,49.514801527324124,DGT,2019-08-21 00:00:00+00:00,01.13.08/PDM/03/2019/166,Vigente,4
91119,91119,1308,MATOSINHOS,Solo Urbano - Espaços Urbanos de Baixa Densidade,Solo Urbano,Espaço Urbano de Baixa Densidade,1/15000,CM - Vectorial e Raster,23.486136314181703,DGT,2019-08-21 00:00:00+00:00,01.13.08/PDM/03/2019/166,Vigente,4
91120,91120,1308,MATOSINHOS,Solo Rústico - Espaços Agrícolas,Solo Rústico,Espaço Agrícola,1/15000,CM - Vectorial e Raster,21.9814875728062,DGT,2019-08-21 00:00:00+00:00,01.13.08/PDM/03/2019/166,Vigente,8
91121,91121,1308,MATOSINHOS,Solo Rústico - Espaços Naturais e Paisagísticos ,Solo Rústico,Espaço Natural e Paisagístico,1/15000,CM - Vectorial e Raster,42.5235312643142,DGT,2019-08-21 00:00:00+00:00,01.13.08/PDM/03/2019/166,Vigente,11
91122,91122,1308,MATOSINHOS,Solo Urbano - Espaços Urbanos de Baixa Densidade,Solo Urbano,Espaço Urbano de Baixa Densidade,1/15000,CM - Vectorial e Raster,183.28307914351447,DGT,2019-08-21 00:00:00+00:00,01.13.08/PDM/03/2019/166,Vigente,4
91123,91123,1308,MATOSINHOS,Solo Rústico - Espaços Naturais e Paisagísticos ,Solo Rústico,Espaço Natural e Paisagístico,1/15000,CM - Vectorial e Raster,82.99240944473888,DGT,2019-08-21 00:00:00+00:00,01.13.08/PDM/03/2019/166,Vigente,11
91124,91124,1308,MATOSINHOS,Solo Urbano - Espaços Verdes,Solo Urbano,Espaço Verde,1/15000,CM - Vectorial e Raster,1.6453587872473465,DGT,2019-08-21 00:00:00+00:00,01.13.08/PDM/03/2019/166,Vigente,7
91125,91125,1308,MATOSINHOS,Solo Rústico - Espaços Agrícolas,Solo Rústico,Espaço Agrícola,1/15000,CM - Vectorial e Raster,1.4883368665591348,DGT,2019-08-21 00:00:00+00:00,01.13.08/PDM/03/2019/166,Vigente,8
91126,91126,1308,MATOSINHOS,Solo Urbano - Espaços Verdes,Solo Urbano,Espaço Verde,1/15000,CM - Vectorial e Raster,0.5955045434945263,DGT,2019-08-21 00:00:00+00:00,01.13.08/PDM/03/2019/166,Vigente,7
91127,91127,1308,MATOSINHOS,Solo Urbano - Espaços Verdes,Solo Urbano,Espaço Verde,1/15000,CM - Vectorial e Raster,0.9908945287234207,DGT,2019-08-21 00:00:00+00:00,01.13.08/PDM/03/2019/166,Vigente,7
91128,91128,1308,MATOSINHOS,Solo Urbano - Espaços Urbanos de Baixa Densidade,Solo Urbano,Espaço Urbano de Baixa Densidade,1/15000,CM - Vectorial e Raster,3.894483023042325,DGT,2019-08-21 00:00:00+00:00,01.13.08/PDM/03/2019/166,Vigente,4
91129,91129,1308,MATOSINHOS,Solo Rústico - Espaços Agrícolas,Solo Rústico,Espaço Agrícola,1/15000,CM - Vectorial e Raster,2.116967610661959,DGT,2019-08-21 00:00:00+00:00,01.13.08/PDM/03/2019/166,Vigente,8
91130,91130,1308,MATOSINHOS,Solo Rústico - Espaços Agrícolas,Solo Rústico,Espaço Agrícola,1/15000,CM - Vectorial e Raster,9.657539018378808,DGT,2019-08-21 00:00:00+00:00,01.13.08/PDM/03/2019/166,Vigente,8
91131,91131,1308,MATOSINHOS,Solo Rústico - Espaços Naturais e Paisagísticos ,Solo Rústico,Espaço Natural e Paisagístico,1/15000,CM - Vectorial e Raster,0.7793709572086024,DGT,2019-08-21 00:00:00+00:00,01.13.08/PDM/03/2019/166,Vigente,11
91132,91132,1308,MATOSINHOS,Solo Urbano - Espaços Verdes,Solo Urbano,Espaço Verde,1/15000,CM - Vectorial e Raster,5.754041102549814,DGT,2019-08-21 00:00:00+00:00,01.13.08/PDM/03/2019/166,Vigente,7
91133,91133,1308,MATOSINHOS,Solo Rústico - Espaços Agrícolas,Solo Rústico,Espaço Agrícola,1/15000,CM - Vectorial e Raster,17.708407355794638,DGT,2019-08-21 00:00:00+00:00,01.13.08/PDM/03/2019/166,Vigente,8
91134,91134,1308,MATOSINHOS,Solo Rústico - Espaços Agrícolas,Solo Rústico,Espaço Agrícola,1/15000,CM - Vectorial e Raster,1.4559058687188575,DGT,2019-08-21 00:00:00+00:00,01.13.08/PDM/03/2019/166,Vigente,8
91135,91135,1308,MATOSINHOS,Solo Urbano - Espaços Verdes,Solo Urbano,Espaço Verde,1/15000,CM - Vectorial e Raster,0.601604300252223,DGT,2019-08-21 00:00:00+00:00,01.13.08/PDM/03/2019/166,Vigente,7
91136,91136,1308,MATOSINHOS,Solo Rústico - Espaços Agrícolas,Solo Rústico,Espaço Agrícola,1/15000,CM - Vectorial e Raster,1.0630982316653448,DGT,2019-08-21 00:00:00+00:00,01.13.08/PDM/03/2019/166,Vigente,8
91137,91137,1308,MATOSINHOS,Solo Rústico - Espaços Agrícolas,Solo Rústico,Espaço Agrícola,1/15000,CM - Vectorial e Raster,0.10351863362251315,DGT,2019-08-21 00:00:00+00:00,01.13.08/PDM/03/2019/166,Vigente,8
91138,91138,1308,MATOSINHOS,Solo Rústico - Espaços Agrícolas,Solo Rústico,Espaço Agrícola,1/15000,CM - Vectorial e Raster,3.018877569479076,DGT,2019-08-21 00:00:00+00:00,01.13.08/PDM/03/2019/166,Vigente,8
91139,91139,1308,MATOSINHOS,Solo Rústico - Espaços Naturais e Paisagísticos ,Solo Rústico,Espaço Natural e Paisagístico,1/15000,CM - Vectorial e Raster,1.1588756187793188,DGT,2019-08-21 00:00:00+00:00,01.13.08/PDM/03/2019/166,Vigente,11
91140,91140,1308,MATOSINHOS,Solo Rústico - Espaços Agrícolas,Solo Rústico,Espaço Agrícola,1/15000,CM - Vectorial e Raster,2.1416612837506457,DGT,2019-08-21 00:00:00+00:00,01.13.08/PDM/03/2019/166,Vigente,8
91141,91141,1308,MATOSINHOS,Solo Rústico - Espaços Florestais,Solo Rústico,Espaço Florestal,1/15000,CM - Vectorial e Raster,9.27303062714563,DGT,2019-08-21 00:00:00+00:00,01.13.08/PDM/03/2019/166,Vigente,9
91142,91142,1308,MATOSINHOS,Solo Rústico - Espaços Agrícolas,Solo Rústico,Espaço Agrícola,1/15000,CM - Vectorial e Raster,0.8840432198790833,DGT,2019-08-21 00:00:00+00:00,01.13.08/PDM/03/2019/166,Vigente,8
91143,91143,1308,MATOSINHOS,Solo Rústico - Espaços Agrícolas,Solo Rústico,Espaço Agrícola,1/15000,CM - Vectorial e Raster,7.531358326413901,DGT,2019-08-21 00:00:00+00:00,01.13.08/PDM/03/2019/166,Vigente,8
91144,91144,1308,MATOSINHOS,Solo Rústico - Espaços Florestais,Solo Rústico,Espaço Florestal,1/15000,CM - Vectorial e Raster,6.858817019641911,DGT,2019-08-21 00:00:00+00:00,01.13.08/PDM/03/2019/166,Vigente,9
91145,91145,1308,MATOSINHOS,Solo Rústico - Espaços Agrícolas,Solo Rústico,Espaço Agrícola,1/15000,CM - Vectorial e Raster,1.6435643494294578,DGT,2019-08-21 00:00:00+00:00,01.13.08/PDM/03/2019/166,Vigente,8
91146,91146,1308,MATOSINHOS,Solo Rústico - Espaços Florestais,Solo Rústico,Espaço Florestal,1/15000,CM - Vectorial e Raster,3.409450461312849,DGT,2019-08-21 00:00:00+00:00,01.13.08/PDM/03/2019/166,Vigente,9
91147,91147,1308,MATOSINHOS,Solo Rústico - Espaços Agrícolas,Solo Rústico,Espaço Agrícola,1/15000,CM - Vectorial e Raster,3.7997616467800457,DGT,2019-08-21 00:00:00+00:00,01.13.08/PDM/03/2019/166,Vigente,8
91148,91148,1308,MATOSINHOS,Solo Rústico - Espaços Agrícolas,Solo Rústico,Espaço Agrícola,1/15000,CM - Vectorial e Raster,0.07166581536335871,DGT,2019-08-21 00:00:00+00:00,01.13.08/PDM/03/2019/166,Vigente,8
91149,91149,1308,MATOSINHOS,Solo Rústico - Espaços Agrícolas,Solo Rústico,Espaço Agrícola,1/15000,CM - Vectorial e Raster,0.07300843522077194,DGT,2019-08-21 00:00:00+00:00,01.13.08/PDM/03/2019/166,Vigente,8
91150,91150,1308,MATOSINHOS,Solo Rústico - Espaços Agrícolas,Solo Rústico,Espaço Agrícola,1/15000,CM - Vectorial e Raster,0.13142075868271058,DGT,2019-08-21 00:00:00+00:00,01.13.08/PDM/03/2019/166,Vigente,8
91151,91151,1308,MATOSINHOS,Solo Urbano - Espaços Urbanos de Baixa Densidade,Solo Urbano,Espaço Urbano de Baixa Densidade,1/15000,CM - Vectorial e Raster,96.68731506907297,DGT,2019-08-21 00:00:00+00:00,01.13.08/PDM/03/2019/166,Vigente,4
91152,91152,1308,MATOSINHOS,Solo Urbano - Espaços Urbanos de Baixa Densidade,Solo Urbano,Espaço Urbano de Baixa Densidade,1/15000,CM - Vectorial e Raster,0.29237332006793004,DGT,2019-08-21 00:00:00+00:00,01.13.08/PDM/03/2019/166,Vigente,4
91153,91153,1308,MATOSINHOS,Solo Rústico - Espaços Agrícolas,Solo Rústico,Espaço Agrícola,1/15000,CM - Vectorial e Raster,4.2736400533268695,DGT,2019-08-21 00:00:00+00:00,01.13.08/PDM/03/2019/166,Vigente,8
91154,91154,1308,MATOSINHOS,Solo Rústico - Espaços Florestais,Solo Rústico,Espaço Florestal,1/15000,CM - Vectorial e Raster,4.89651725331184,DGT,2019-08-21 00:00:00+00:00,01.13.08/PDM/03/2019/166,Vigente,9
91155,91155,1308,MATOSINHOS,Solo Rústico - Espaços Agrícolas,Solo Rústico,Espaço Agrícola,1/15000,CM - Vectorial e Raster,1.202882538476761,DGT,2019-08-21 00:00:00+00:00,01.13.08/PDM/03/2019/166,Vigente,8
91156,91156,1308,MATOSINHOS,Solo Rústico - Espaços Naturais e Paisagísticos ,Solo Rústico,Espaço Natural e Paisagístico,1/15000,CM - Vectorial e Raster,1.996465560283931,DGT,2019-08-21 00:00:00+00:00,01.13.08/PDM/03/2019/166,Vigente,11
91157,91157,1308,MATOSINHOS,Solo Rústico - Espaços Agrícolas,Solo Rústico,Espaço Agrícola,1/15000,CM - Vectorial e Raster,0.02020751778574195,DGT,2019-08-21 00:00:00+00:00,01.13.08/PDM/03/2019/166,Vigente,8
91158,91158,1308,MATOSINHOS,Solo Rústico - Espaços Agrícolas,Solo Rústico,Espaço Agrícola,1/15000,CM - Vectorial e Raster,0.12287997010638355,DGT,2019-08-21 00:00:00+00:00,01.13.08/PDM/03/2019/166,Vigente,8
91159,91159,1308,MATOSINHOS,Solo Urbano - Espaços Urbanos de Baixa Densidade,Solo Urbano,Espaço Urbano de Baixa Densidade,1/15000,CM - Vectorial e Raster,0.3763579983742908,DGT,2019-08-21 00:00:00+00:00,01.13.08/PDM/03/2019/166,Vigente,4
91160,91160,1308,MATOSINHOS,Solo Urbano - Espaços Urbanos de Baixa Densidade,Solo Urbano,Espaço Urbano de Baixa Densidade,1/15000,CM - Vectorial e Raster,2.770695568339876,DGT,2019-08-21 00:00:00+00:00,01.13.08/PDM/03/2019/166,Vigente,4
91161,91161,1308,MATOSINHOS,Solo Urbano - Espaços de Atividades Económicas - Áreas de Atividades Económicas,Solo Urbano,Espaço de Atividades Económicas,1/15000,CM - Vectorial e Raster,2.5362975605934857,DGT,2019-08-21 00:00:00+00:00,01.13.08/PDM/03/2019/166,Vigente,5
91162,91162,1308,MATOSINHOS,Solo Rústico - Espaços Agrícolas,Solo Rústico,Espaço Agrícola,1/15000,CM - Vectorial e Raster,4.994338668557257,DGT,2019-08-21 00:00:00+00:00,01.13.08/PDM/03/2019/166,Vigente,8
91163,91163,1308,MATOSINHOS,Solo Rústico - Espaços Agrícolas,Solo Rústico,Espaço Agrícola,1/15000,CM - Vectorial e Raster,0.32885108137321656,DGT,2019-08-21 00:00:00+00:00,01.13.08/PDM/03/2019/166,Vigente,8
91164,91164,1308,MATOSINHOS,Solo Rústico - Espaços Florestais,Solo Rústico,Espaço Florestal,1/15000,CM - Vectorial e Raster,15.588435433798749,DGT,2019-08-21 00:00:00+00:00,01.13.08/PDM/03/2019/166,Vigente,9
91165,91165,1308,MATOSINHOS,Solo Urbano - Espaços Urbanos de Baixa Densidade,Solo Urbano,Espaço Urbano de Baixa Densidade,1/15000,CM - Vectorial e Raster,26.92139567315526,DGT,2019-08-21 00:00:00+00:00,01.13.08/PDM/03/2019/166,Vigente,4
91166,91166,1308,MATOSINHOS,Solo Rústico - Espaços Agrícolas,Solo Rústico,Espaço Agrícola,1/15000,CM - Vectorial e Raster,3.471784051598856,DGT,2019-08-21 00:00:00+00:00,01.13.08/PDM/03/2019/166,Vigente,8
91167,91167,1308,MATOSINHOS,Solo Urbano - Espaços de Atividades Económicas - Áreas de Atividades Económicas,Solo Urbano,Espaço de Atividades Económicas,1/15000,CM - Vectorial e Raster,37.66108545966781,DGT,2019-08-21 00:00:00+00:00,01.13.08/PDM/03/2019/166,Vigente,5
91168,91168,1308,MATOSINHOS,Solo Rústico - Espaços Agrícolas,Solo Rústico,Espaço Agrícola,1/15000,CM - Vectorial e Raster,0.013825899623334408,DGT,2019-08-21 00:00:00+00:00,01.13.08/PDM/03/2019/166,Vigente,8
91169,91169,1308,MATOSINHOS,Solo Urbano - Espaços Urbanos de Baixa Densidade,Solo Urbano,Espaço Urbano de Baixa Densidade,1/15000,CM - Vectorial e Raster,0.9063071794583463,DGT,2019-08-21 00:00:00+00:00,01.13.08/PDM/03/2019/166,Vigente,4
91170,91170,1308,MATOSINHOS,Solo Rústico - Espaços Agrícolas,Solo Rústico,Espaço Agrícola,1/15000,CM - Vectorial e Raster,3.6541781193959526,DGT,2019-08-21 00:00:00+00:00,01.13.08/PDM/03/2019/166,Vigente,8
91171,91171,1308,MATOSINHOS,Solo Rústico - Espaços Agrícolas,Solo Rústico,Espaço Agrícola,1/15000,CM - Vectorial e Raster,6.2392972198131265,DGT,2019-08-21 00:00:00+00:00,01.13.08/PDM/03/2019/166,Vigente,8
91172,91172,1308,MATOSINHOS,Solo Urbano - Espaços Urbanos de Baixa Densidade,Solo Urbano,Espaço Urbano de Baixa Densidade,1/15000,CM - Vectorial e Raster,104.66633425564449,DGT,2019-08-21 00:00:00+00:00,01.13.08/PDM/03/2019/166,Vigente,4
91173,91173,1308,MATOSINHOS,Solo Rústico - Espaços Agrícolas,Solo Rústico,Espaço Agrícola,1/15000,CM - Vectorial e Raster,0.6027239216447808,DGT,2019-08-21 00:00:00+00:00,01.13.08/PDM/03/2019/166,Vigente,8
91174,91174,1308,MATOSINHOS,Solo Urbano - Espaços Urbanos de Baixa Densidade,Solo Urbano,Espaço Urbano de Baixa Densidade,1/15000,CM - Vectorial e Raster,0.2366746230471821,DGT,2019-08-21 00:00:00+00:00,01.13.08/PDM/03/2019/166,Vigente,4
91175,91175,1308,MATOSINHOS,Solo Rústico - Espaços Agrícolas,Solo Rústico,Espaço Agrícola,1/15000,CM - Vectorial e Raster,5.94312048603186,DGT,2019-08-21 00:00:00+00:00,01.13.08/PDM/03/2019/166,Vigente,8
91176,91176,1308,MATOSINHOS,Solo Rústico - Espaços Agrícolas,Solo Rústico,Espaço Agrícola,1/15000,CM - Vectorial e Raster,0.2725685110300838,DGT,2019-08-21 00:00:00+00:00,01.13.08/PDM/03/2019/166,Vigente,8
91177,91177,1308,MATOSINHOS,Solo Rústico - Espaços Agrícolas,Solo Rústico,Espaço Agrícola,1/15000,CM - Vectorial e Raster,1.1429568085991777,DGT,2019-08-21 00:00:00+00:00,01.13.08/PDM/03/2019/166,Vigente,8
91178,91178,1308,MATOSINHOS,Solo Rústico - Espaços Florestais,Solo Rústico,Espaço Florestal,1/15000,CM - Vectorial e Raster,15.33226288803586,DGT,2019-08-21 00:00:00+00:00,01.13.08/PDM/03/2019/166,Vigente,9
91179,91179,1308,MATOSINHOS,Solo Rústico - Espaços Agrícolas,Solo Rústico,Espaço Agrícola,1/15000,CM - Vectorial e Raster,0.4257110491474792,DGT,2019-08-21 00:00:00+00:00,01.13.08/PDM/03/2019/166,Vigente,8
91180,91180,1308,MATOSINHOS,Solo Rústico - Espaços Florestais,Solo Rústico,Espaço Florestal,1/15000,CM - Vectorial e Raster,8.864093151963443,DGT,2019-08-21 00:00:00+00:00,01.13.08/PDM/03/2019/166,Vigente,9
91181,91181,1308,MATOSINHOS,Solo Urbano - Espaços Urbanos de Baixa Densidade,Solo Urbano,Espaço Urbano de Baixa Densidade,1/15000,CM - Vectorial e Raster,1.739183592713176,DGT,2019-08-21 00:00:00+00:00,01.13.08/PDM/03/2019/166,Vigente,4
91182,91182,1308,MATOSINHOS,Solo Rústico - Espaços Agrícolas,Solo Rústico,Espaço Agrícola,1/15000,CM - Vectorial e Raster,71.73299251810873,DGT,2019-08-21 00:00:00+00:00,01.13.08/PDM/03/2019/166,Vigente,8
91183,91183,1308,MATOSINHOS,Solo Rústico - Espaços Naturais e Paisagísticos ,Solo Rústico,Espaço Natural e Paisagístico,1/15000,CM - Vectorial e Raster,0.1418168031704554,DGT,2019-08-21 00:00:00+00:00,01.13.08/PDM/03/2019/166,Vigente,11
91184,91184,1308,MATOSINHOS,Linha de Água,Solo Rústico,Espaço Natural e Paisagístico,1/15000,CM - Vectorial e Raster,0.07871923362546368,DGT,2019-08-21 00:00:00+00:00,01.13.08/PDM/03/2019/166,Vigente,11
91185,91185,1308,MATOSINHOS,Solo Rústico - Espaços Naturais e Paisagísticos ,Solo Rústico,Espaço Natural e Paisagístico,1/15000,CM - Vectorial e Raster,0.1403864585367497,DGT,2019-08-21 00:00:00+00:00,01.13.08/PDM/03/2019/166,Vigente,11
91186,91186,1308,MATOSINHOS,Linha de Água,Solo Rústico,Espaço Natural e Paisagístico,1/15000,CM - Vectorial e Raster,0.032642302827420644,DGT,2019-08-21 00:00:00+00:00,01.13.08/PDM/03/2019/166,Vigente,11
91187,91187,1308,MATOSINHOS,Solo Rústico - Espaços Agrícolas,Solo Rústico,Espaço Agrícola,1/15000,CM - Vectorial e Raster,0.007645854828623124,DGT,2019-08-21 00:00:00+00:00,01.13.08/PDM/03/2019/166,Vigente,8
91188,91188,1308,MATOSINHOS,Solo Rústico - Espaços Agrícolas,Solo Rústico,Espaço Agrícola,1/15000,CM - Vectorial e Raster,1.841516164053988,DGT,2019-08-21 00:00:00+00:00,01.13.08/PDM/03/2019/166,Vigente,8
91189,91189,1308,MATOSINHOS,Solo Rústico - Espaços Agrícolas,Solo Rústico,Espaço Agrícola,1/15000,CM - Vectorial e Raster,12.800266842437845,DGT,2019-08-21 00:00:00+00:00,01.13.08/PDM/03/2019/166,Vigente,8
91190,91190,1308,MATOSINHOS,Solo Urbano - Espaços Urbanos de Baixa Densidade,Solo Urbano,Espaço Urbano de Baixa Densidade,1/15000,CM - Vectorial e Raster,1.1345757393843843,DGT,2019-08-21 00:00:00+00:00,01.13.08/PDM/03/2019/166,Vigente,4
91191,91191,1308,MATOSINHOS,Solo Rústico - Espaços Agrícolas,Solo Rústico,Espaço Agrícola,1/15000,CM - Vectorial e Raster,0.2853956616907846,DGT,2019-08-21 00:00:00+00:00,01.13.08/PDM/03/2019/166,Vigente,8
91192,91192,1308,MATOSINHOS,Solo Rústico - Espaços Agrícolas,Solo Rústico,Espaço Agrícola,1/15000,CM - Vectorial e Raster,0.2819715226221175,DGT,2019-08-21 00:00:00+00:00,01.13.08/PDM/03/2019/166,Vigente,8
91193,91193,1308,MATOSINHOS,Solo Rústico - Espaços Agrícolas,Solo Rústico,Espaço Agrícola,1/15000,CM - Vectorial e Raster,10.006801946421218,DGT,2019-08-21 00:00:00+00:00,01.13.08/PDM/03/2019/166,Vigente,8
91194,91194,1308,MATOSINHOS,Solo Rústico - Espaços Florestais,Solo Rústico,Espaço Florestal,1/15000,CM - Vectorial e Raster,2.2710384725193404,DGT,2019-08-21 00:00:00+00:00,01.13.08/PDM/03/2019/166,Vigente,9
91195,91195,1308,MATOSINHOS,Solo Urbano - Espaços Urbanos de Baixa Densidade,Solo Urbano,Espaço Urbano de Baixa Densidade,1/15000,CM - Vectorial e Raster,0.8094879207375925,DGT,2019-08-21 00:00:00+00:00,01.13.08/PDM/03/2019/166,Vigente,4
91196,91196,1308,MATOSINHOS,Solo Rústico - Espaços Agrícolas,Solo Rústico,Espaço Agrícola,1/15000,CM - Vectorial e Raster,0.10982129890670185,DGT,2019-08-21 00:00:00+00:00,01.13.08/PDM/03/2019/166,Vigente,8
91197,91197,1308,MATOSINHOS,Solo Rústico - Espaços Agrícolas,Solo Rústico,Espaço Agrícola,1/15000,CM - Vectorial e Raster,0.17972165379116778,DGT,2019-08-21 00:00:00+00:00,01.13.08/PDM/03/2019/166,Vigente,8
91198,91198,1308,MATOSINHOS,Solo Rústico - Espaços Agrícolas,Solo Rústico,Espaço Agrícola,1/15000,CM - Vectorial e Raster,5.2226421903912215,DGT,2019-08-21 00:00:00+00:00,01.13.08/PDM/03/2019/166,Vigente,8
91199,91199,1308,MATOSINHOS,Solo Rústico - Espaços Florestais,Solo Rústico,Espaço Florestal,1/15000,CM - Vectorial e Raster,32.956421430737535,DGT,2019-08-21 00:00:00+00:00,01.13.08/PDM/03/2019/166,Vigente,9
91200,91200,1308,MATOSINHOS,Solo Rústico - Espaços Agrícolas,Solo Rústico,Espaço Agrícola,1/15000,CM - Vectorial e Raster,4.016116811266466,DGT,2019-08-21 00:00:00+00:00,01.13.08/PDM/03/2019/166,Vigente,8
91201,91201,1308,MATOSINHOS,Solo Urbano - Espaços Urbanos de Baixa Densidade,Solo Urbano,Espaço Urbano de Baixa Densidade,1/15000,CM - Vectorial e Raster,0.8036169718613848,DGT,2019-08-21 00:00:00+00:00,01.13.08/PDM/03/2019/166,Vigente,4
91202,91202,1308,MATOSINHOS,Solo Rústico - Espaços Florestais,Solo Rústico,Espaço Florestal,1/15000,CM - Vectorial e Raster,21.888929776977246,DGT,2019-08-21 00:00:00+00:00,01.13.08/PDM/03/2019/166,Vigente,9
91203,91203,1308,MATOSINHOS,Solo Urbano - Espaços Urbanos de Baixa Densidade,Solo Urbano,Espaço Urbano de Baixa Densidade,1/15000,CM - Vectorial e Raster,33.6060097194619,DGT,2019-08-21 00:00:00+00:00,01.13.08/PDM/03/2019/166,Vigente,4
91204,91204,1308,MATOSINHOS,Solo Urbano - Espaços Verdes,Solo Urbano,Espaço Verde,1/15000,CM - Vectorial e Raster,4.590796758775612,DGT,2019-08-21 00:00:00+00:00,01.13.08/PDM/03/2019/166,Vigente,7
91205,91205,1308,MATOSINHOS,Solo Rústico - Espaços Agrícolas,Solo Rústico,Espaço Agrícola,1/15000,CM - Vectorial e Raster,0.014319497803749982,DGT,2019-08-21 00:00:00+00:00,01.13.08/PDM/03/2019/166,Vigente,8
91206,91206,1308,MATOSINHOS,Solo Rústico - Espaços Agrícolas,Solo Rústico,Espaço Agrícola,1/15000,CM - Vectorial e Raster,0.009018801759020425,DGT,2019-08-21 00:00:00+00:00,01.13.08/PDM/03/2019/166,Vigente,8
91207,91207,1308,MATOSINHOS,Solo Urbano - Espaços Urbanos de Baixa Densidade,Solo Urbano,Espaço Urbano de Baixa Densidade,1/15000,CM - Vectorial e Raster,18.040130294949655,DGT,2019-08-21 00:00:00+00:00,01.13.08/PDM/03/2019/166,Vigente,4
91208,91208,1308,MATOSINHOS,Solo Rústico - Espaços Agrícolas,Solo Rústico,Espaço Agrícola,1/15000,CM - Vectorial e Raster,0.05237521776651847,DGT,2019-08-21 00:00:00+00:00,01.13.08/PDM/03/2019/166,Vigente,8
91209,91209,1308,MATOSINHOS,Solo Rústico - Espaços Florestais,Solo Rústico,Espaço Florestal,1/15000,CM - Vectorial e Raster,1.3673920253228393,DGT,2019-08-21 00:00:00+00:00,01.13.08/PDM/03/2019/166,Vigente,9
91210,91210,1308,MATOSINHOS,Solo Rústico - Espaços Agrícolas,Solo Rústico,Espaço Agrícola,1/15000,CM - Vectorial e Raster,1.390476808462618,DGT,2019-08-21 00:00:00+00:00,01.13.08/PDM/03/2019/166,Vigente,8
91211,91211,1308,MATOSINHOS,Solo Rústico - Espaços Agrícolas,Solo Rústico,Espaço Agrícola,1/15000,CM - Vectorial e Raster,2.7028805054387774,DGT,2019-08-21 00:00:00+00:00,01.13.08/PDM/03/2019/166,Vigente,8
91212,91212,1308,MATOSINHOS,Solo Rústico - Espaços Agrícolas,Solo Rústico,Espaço Agrícola,1/15000,CM - Vectorial e Raster,3.194429382982291,DGT,2019-08-21 00:00:00+00:00,01.13.08/PDM/03/2019/166,Vigente,8
91213,91213,1308,MATOSINHOS,Solo Urbano - Espaços Urbanos de Baixa Densidade,Solo Urbano,Espaço Urbano de Baixa Densidade,1/15000,CM - Vectorial e Raster,11.896946167646442,DGT,2019-08-21 00:00:00+00:00,01.13.08/PDM/03/2019/166,Vigente,4
91214,91214,1308,MATOSINHOS,Solo Rústico - Espaços Agrícolas,Solo Rústico,Espaço Agrícola,1/15000,CM - Vectorial e Raster,37.81487677997921,DGT,2019-08-21 00:00:00+00:00,01.13.08/PDM/03/2019/166,Vigente,8
91215,91215,1308,MATOSINHOS,Solo Rústico - Espaços Agrícolas,Solo Rústico,Espaço Agrícola,1/15000,CM - Vectorial e Raster,5.3540406351294365,DGT,2019-08-21 00:00:00+00:00,01.13.08/PDM/03/2019/166,Vigente,8
91216,91216,1308,MATOSINHOS,Solo Urbano - Espaços de Atividades Económicas - Áreas de Logística,Solo Urbano,Espaço de Atividades Económicas,1/15000,CM - Vectorial e Raster,48.005971541623296,DGT,2019-08-21 00:00:00+00:00,01.13.08/PDM/03/2019/166,Vigente,5
91217,91217,1308,MATOSINHOS,Solo Rústico - Espaços Florestais,Solo Rústico,Espaço Florestal,1/15000,CM - Vectorial e Raster,43.44670932955652,DGT,2019-08-21 00:00:00+00:00,01.13.08/PDM/03/2019/166,Vigente,9
91218,91218,1308,MATOSINHOS,Solo Rústico - Espaços Florestais,Solo Rústico,Espaço Florestal,1/15000,CM - Vectorial e Raster,3.4467991333244137,DGT,2019-08-21 00:00:00+00:00,01.13.08/PDM/03/2019/166,Vigente,9
91219,91219,1308,MATOSINHOS,Solo Rústico - Espaços Agrícolas,Solo Rústico,Espaço Agrícola,1/15000,CM - Vectorial e Raster,2.832314492124127,DGT,2019-08-21 00:00:00+00:00,01.13.08/PDM/03/2019/166,Vigente,8
91220,91220,1308,MATOSINHOS,Solo Urbano - Espaços Urbanos de Baixa Densidade,Solo Urbano,Espaço Urbano de Baixa Densidade,1/15000,CM - Vectorial e Raster,0.21996256781851406,DGT,2019-08-21 00:00:00+00:00,01.13.08/PDM/03/2019/166,Vigente,4
91221,91221,1308,MATOSINHOS,Solo Urbano - Espaços Urbanos de Baixa Densidade,Solo Urbano,Espaço Urbano de Baixa Densidade,1/15000,CM - Vectorial e Raster,1.9910028943556362,DGT,2019-08-21 00:00:00+00:00,01.13.08/PDM/03/2019/166,Vigente,4
91222,91222,1308,MATOSINHOS,Solo Rústico - Espaços Naturais e Paisagísticos ,Solo Rústico,Espaço Natural e Paisagístico,1/15000,CM - Vectorial e Raster,1.1562603015114088,DGT,2019-08-21 00:00:00+00:00,01.13.08/PDM/03/2019/166,Vigente,11
91223,91223,1308,MATOSINHOS,Solo Urbano - Espaços Urbanos de Baixa Densidade,Solo Urbano,Espaço Urbano de Baixa Densidade,1/15000,CM - Vectorial e Raster,1.7143352393601032,DGT,2019-08-21 00:00:00+00:00,01.13.08/PDM/03/2019/166,Vigente,4
91224,91224,1308,MATOSINHOS,Solo Rústico - Espaços Naturais e Paisagísticos ,Solo Rústico,Espaço Natural e Paisagístico,1/15000,CM - Vectorial e Raster,0.7687059758257936,DGT,2019-08-21 00:00:00+00:00,01.13.08/PDM/03/2019/166,Vigente,11
91225,91225,1308,MATOSINHOS,Solo Rústico - Espaços Naturais e Paisagísticos ,Solo Rústico,Espaço Natural e Paisagístico,1/15000,CM - Vectorial e Raster,0.0793774226704496,DGT,2019-08-21 00:00:00+00:00,01.13.08/PDM/03/2019/166,Vigente,11
91226,91226,1308,MATOSINHOS,Solo Rústico - Espaços Agrícolas,Solo Rústico,Espaço Agrícola,1/15000,CM - Vectorial e Raster,0.9968364574058214,DGT,2019-08-21 00:00:00+00:00,01.13.08/PDM/03/2019/166,Vigente,8
91227,91227,1308,MATOSINHOS,Solo Urbano - Espaços Urbanos de Baixa Densidade,Solo Urbano,Espaço Urbano de Baixa Densidade,1/15000,CM - Vectorial e Raster,4.934247579742456,DGT,2019-08-21 00:00:00+00:00,01.13.08/PDM/03/2019/166,Vigente,4
91228,91228,1308,MATOSINHOS,Solo Rústico - Espaços Agrícolas,Solo Rústico,Espaço Agrícola,1/15000,CM - Vectorial e Raster,0.06085007983299329,DGT,2019-08-21 00:00:00+00:00,01.13.08/PDM/03/2019/166,Vigente,8
91229,91229,1308,MATOSINHOS,Solo Rústico - Espaços Naturais e Paisagísticos ,Solo Rústico,Espaço Natural e Paisagístico,1/15000,CM - Vectorial e Raster,0.1833449920983927,DGT,2019-08-21 00:00:00+00:00,01.13.08/PDM/03/2019/166,Vigente,11
91230,91230,1308,MATOSINHOS,Solo Rústico - Espaços Naturais e Paisagísticos ,Solo Rústico,Espaço Natural e Paisagístico,1/15000,CM - Vectorial e Raster,0.7207484168084222,DGT,2019-08-21 00:00:00+00:00,01.13.08/PDM/03/2019/166,Vigente,11
91231,91231,1308,MATOSINHOS,Linha de Água,Solo Rústico,Espaço Natural e Paisagístico,1/15000,CM - Vectorial e Raster,0.5811966245551128,DGT,2019-08-21 00:00:00+00:00,01.13.08/PDM/03/2019/166,Vigente,11
91232,91232,1308,MATOSINHOS,Solo Rústico - Espaços Naturais e Paisagísticos ,Solo Rústico,Espaço Natural e Paisagístico,1/15000,CM - Vectorial e Raster,0.02434752566940151,DGT,2019-08-21 00:00:00+00:00,01.13.08/PDM/03/2019/166,Vigente,11
91233,91233,1308,MATOSINHOS,Solo Rústico - Espaços Agrícolas,Solo Rústico,Espaço Agrícola,1/15000,CM - Vectorial e Raster,4.721448702441994,DGT,2019-08-21 00:00:00+00:00,01.13.08/PDM/03/2019/166,Vigente,8
91234,91234,1308,MATOSINHOS,Solo Urbano - Espaços Urbanos de Baixa Densidade,Solo Urbano,Espaço Urbano de Baixa Densidade,1/15000,CM - Vectorial e Raster,11.640857288852905,DGT,2019-08-21 00:00:00+00:00,01.13.08/PDM/03/2019/166,Vigente,4
91235,91235,1308,MATOSINHOS,Solo Urbano -  Espaços de Atividades Económicas - Áreas de Atividades Económicas e Estrutura Verde Urbana,Solo Urbano,Espaço de Atividades Económicas,1/15000,CM - Vectorial e Raster,2.927742167895101,DGT,2019-08-21 00:00:00+00:00,01.13.08/PDM/03/2019/166,Vigente,5
91236,91236,1308,MATOSINHOS,Solo Rústico - Espaços Agrícolas,Solo Rústico,Espaço Agrícola,1/15000,CM - Vectorial e Raster,0.5208685237321421,DGT,2019-08-21 00:00:00+00:00,01.13.08/PDM/03/2019/166,Vigente,8
91237,91237,1308,MATOSINHOS,Solo Urbano - Espaços Urbanos de Baixa Densidade,Solo Urbano,Espaço Urbano de Baixa Densidade,1/15000,CM - Vectorial e Raster,0.42649032521416663,DGT,2019-08-21 00:00:00+00:00,01.13.08/PDM/03/2019/166,Vigente,4
91238,91238,1308,MATOSINHOS,Solo Urbano - Espaços Urbanos de Baixa Densidade,Solo Urbano,Espaço Urbano de Baixa Densidade,1/15000,CM - Vectorial e Raster,7.511024185923068,DGT,2019-08-21 00:00:00+00:00,01.13.08/PDM/03/2019/166,Vigente,4
91239,91239,1308,MATOSINHOS,Linha de Água,Solo Rústico,Espaço Natural e Paisagístico,1/15000,CM - Vectorial e Raster,0.02835203755828552,DGT,2019-08-21 00:00:00+00:00,01.13.08/PDM/03/2019/166,Vigente,11
91240,91240,1308,MATOSINHOS,Linha de Água,Solo Rústico,Espaço Natural e Paisagístico,1/15000,CM - Vectorial e Raster,0.03369789450173266,DGT,2019-08-21 00:00:00+00:00,01.13.08/PDM/03/2019/166,Vigente,11
91241,91241,1308,MATOSINHOS,Linha de Água,Solo Rústico,Espaço Natural e Paisagístico,1/15000,CM - Vectorial e Raster,0.02120797469649697,DGT,2019-08-21 00:00:00+00:00,01.13.08/PDM/03/2019/166,Vigente,11
91242,91242,1308,MATOSINHOS,Solo Rústico - Espaços Naturais e Paisagísticos ,Solo Rústico,Espaço Natural e Paisagístico,1/15000,CM - Vectorial e Raster,0.1232824091853603,DGT,2019-08-21 00:00:00+00:00,01.13.08/PDM/03/2019/166,Vigente,11
91243,91243,1308,MATOSINHOS,Solo Rústico - Espaços Naturais e Paisagísticos ,Solo Rústico,Espaço Natural e Paisagístico,1/15000,CM - Vectorial e Raster,0.054099517323216426,DGT,2019-08-21 00:00:00+00:00,01.13.08/PDM/03/2019/166,Vigente,11
91244,91244,1308,MATOSINHOS,Solo Rústico - Espaços Florestais,Solo Rústico,Espaço Florestal,1/15000,CM - Vectorial e Raster,0.9151852324770064,DGT,2019-08-21 00:00:00+00:00,01.13.08/PDM/03/2019/166,Vigente,9
91245,91245,1308,MATOSINHOS,Solo Rústico - Espaços Agrícolas,Solo Rústico,Espaço Agrícola,1/15000,CM - Vectorial e Raster,5.743787208955403,DGT,2019-08-21 00:00:00+00:00,01.13.08/PDM/03/2019/166,Vigente,8
91246,91246,1308,MATOSINHOS,Solo Urbano - Espaços Urbanos de Baixa Densidade,Solo Urbano,Espaço Urbano de Baixa Densidade,1/15000,CM - Vectorial e Raster,22.81460392411337,DGT,2019-08-21 00:00:00+00:00,01.13.08/PDM/03/2019/166,Vigente,4
91247,91247,1308,MATOSINHOS,Solo Urbano -  Espaços de Atividades Económicas - Áreas de Atividades Económicas e Estrutura Verde Urbana,Solo Urbano,Espaço de Atividades Económicas,1/15000,CM - Vectorial e Raster,4.547627209703887,DGT,2019-08-21 00:00:00+00:00,01.13.08/PDM/03/2019/166,Vigente,5
91248,91248,1308,MATOSINHOS,Solo Urbano - Espaços Urbanos de Baixa Densidade,Solo Urbano,Espaço Urbano de Baixa Densidade,1/15000,CM - Vectorial e Raster,16.370597217784916,DGT,2019-08-21 00:00:00+00:00,01.13.08/PDM/03/2019/166,Vigente,4
91249,91249,1308,MATOSINHOS,Solo Rústico - Espaços Naturais e Paisagísticos ,Solo Rústico,Espaço Natural e Paisagístico,1/15000,CM - Vectorial e Raster,0.10345623981712852,DGT,2019-08-21 00:00:00+00:00,01.13.08/PDM/03/2019/166,Vigente,11
91250,91250,1308,MATOSINHOS,Linha de Água,Solo Rústico,Espaço Natural e Paisagístico,1/15000,CM - Vectorial e Raster,0.0877915428398177,DGT,2019-08-21 00:00:00+00:00,01.13.08/PDM/03/2019/166,Vigente,11
91251,91251,1308,MATOSINHOS,Solo Rústico - Espaços Naturais e Paisagísticos ,Solo Rústico,Espaço Natural e Paisagístico,1/15000,CM - Vectorial e Raster,0.13064754213260021,DGT,2019-08-21 00:00:00+00:00,01.13.08/PDM/03/2019/166,Vigente,11
91252,91252,1308,MATOSINHOS,Solo Rústico - Espaços Agrícolas,Solo Rústico,Espaço Agrícola,1/15000,CM - Vectorial e Raster,0.14422968207829398,DGT,2019-08-21 00:00:00+00:00,01.13.08/PDM/03/2019/166,Vigente,8
91253,91253,1308,MATOSINHOS,Solo Urbano - Espaços Urbanos de Baixa Densidade,Solo Urbano,Espaço Urbano de Baixa Densidade,1/15000,CM - Vectorial e Raster,43.598381022127604,DGT,2019-08-21 00:00:00+00:00,01.13.08/PDM/03/2019/166,Vigente,4
91254,91254,1308,MATOSINHOS,Solo Rústico - Espaços Agrícolas,Solo Rústico,Espaço Agrícola,1/15000,CM - Vectorial e Raster,0.6259169165508821,DGT,2019-08-21 00:00:00+00:00,01.13.08/PDM/03/2019/166,Vigente,8
91255,91255,1308,MATOSINHOS,Solo Rústico - Espaços Agrícolas,Solo Rústico,Espaço Agrícola,1/15000,CM - Vectorial e Raster,10.910265051191459,DGT,2019-08-21 00:00:00+00:00,01.13.08/PDM/03/2019/166,Vigente,8
91256,91256,1308,MATOSINHOS,Solo Rústico - Espaços Agrícolas,Solo Rústico,Espaço Agrícola,1/15000,CM - Vectorial e Raster,0.013695593171718064,DGT,2019-08-21 00:00:00+00:00,01.13.08/PDM/03/2019/166,Vigente,8
91257,91257,1308,MATOSINHOS,Solo Urbano - Espaços Urbanos de Baixa Densidade,Solo Urbano,Espaço Urbano de Baixa Densidade,1/15000,CM - Vectorial e Raster,5.829204775378829,DGT,2019-08-21 00:00:00+00:00,01.13.08/PDM/03/2019/166,Vigente,4
91258,91258,1308,MATOSINHOS,Solo Rústico - Espaços Agrícolas,Solo Rústico,Espaço Agrícola,1/15000,CM - Vectorial e Raster,17.925723217965132,DGT,2019-08-21 00:00:00+00:00,01.13.08/PDM/03/2019/166,Vigente,8
91259,91259,1308,MATOSINHOS,Solo Rústico - Espaços Agrícolas,Solo Rústico,Espaço Agrícola,1/15000,CM - Vectorial e Raster,0.6763203754863629,DGT,2019-08-21 00:00:00+00:00,01.13.08/PDM/03/2019/166,Vigente,8
91260,91260,1308,MATOSINHOS,Solo Rústico - Espaços Florestais,Solo Rústico,Espaço Florestal,1/15000,CM - Vectorial e Raster,1.3401647106415826,DGT,2019-08-21 00:00:00+00:00,01.13.08/PDM/03/2019/166,Vigente,9
91261,91261,1308,MATOSINHOS,Solo Urbano - Espaços Urbanos de Baixa Densidade,Solo Urbano,Espaço Urbano de Baixa Densidade,1/15000,CM - Vectorial e Raster,7.8811518501737385,DGT,2019-08-21 00:00:00+00:00,01.13.08/PDM/03/2019/166,Vigente,4
91262,91262,1308,MATOSINHOS,Solo Rústico - Espaços Agrícolas,Solo Rústico,Espaço Agrícola,1/15000,CM - Vectorial e Raster,181.6884652332825,DGT,2019-08-21 00:00:00+00:00,01.13.08/PDM/03/2019/166,Vigente,8
91263,91263,1308,MATOSINHOS,Solo Urbano - Espaços Verdes,Solo Urbano,Espaço Verde,1/15000,CM - Vectorial e Raster,1.3465997415788065,DGT,2019-08-21 00:00:00+00:00,01.13.08/PDM/03/2019/166,Vigente,7
91264,91264,1308,MATOSINHOS,Solo Urbano - Espaços Verdes,Solo Urbano,Espaço Verde,1/15000,CM - Vectorial e Raster,1.5510799136967863,DGT,2019-08-21 00:00:00+00:00,01.13.08/PDM/03/2019/166,Vigente,7
91265,91265,1308,MATOSINHOS,Solo Urbano - Espaços Verdes,Solo Urbano,Espaço Verde,1/15000,CM - Vectorial e Raster,1.1723356461867953,DGT,2019-08-21 00:00:00+00:00,01.13.08/PDM/03/2019/166,Vigente,7
91266,91266,1308,MATOSINHOS,Solo Urbano - Espaços Centrais,Solo Urbano,Espaço Central,1/15000,CM - Vectorial e Raster,196.6627130336411,DGT,2019-08-21 00:00:00+00:00,01.13.08/PDM/03/2019/166,Vigente,2
91267,91267,1308,MATOSINHOS,Aguas superficiais (aguas fluviais e marítimas),Não Atribuída,Não Atribuída,1/15000,CM - Vectorial e Raster,46.95170330660306,DGT,2019-08-21 00:00:00+00:00,01.13.08/PDM/03/2019/166,Vigente,9998
91268,91268,1308,MATOSINHOS,Aguas superficiais (aguas fluviais e marítimas),Não Atribuída,Não Atribuída,1/15000,CM - Vectorial e Raster,2.225523013376724,DGT,2019-08-21 00:00:00+00:00,01.13.08/PDM/03/2019/166,Vigente,9998
91269,91269,1308,MATOSINHOS,Solo Rústico - Espaços Naturais e Paisagísticos ,Solo Rústico,Espaço Natural e Paisagístico,1/15000,CM - Vectorial e Raster,11.961407186528016,DGT,2019-08-21 00:00:00+00:00,01.13.08/PDM/03/2019/166,Vigente,11
91270,91270,1308,MATOSINHOS,Solo Urbano - Espaços Urbanos de Baixa Densidade,Solo Urbano,Espaço Urbano de Baixa Densidade,1/15000,CM - Vectorial e Raster,33.51370259352026,DGT,2019-08-21 00:00:00+00:00,01.13.08/PDM/03/2019/166,Vigente,4
91271,91271,1308,MATOSINHOS,Solo Urbano - Espaços Verdes,Solo Urbano,Espaço Verde,1/15000,CM - Vectorial e Raster,0.6351139322481482,DGT,2019-08-21 00:00:00+00:00,01.13.08/PDM/03/2019/166,Vigente,7
91272,91272,1308,MATOSINHOS,Solo Urbano - Espaços de Atividades Económicas - Áreas de Atividades Económicas,Solo Urbano,Espaço de Atividades Económicas,1/15000,CM - Vectorial e Raster,0.8195203477007977,DGT,2019-08-21 00:00:00+00:00,01.13.08/PDM/03/2019/166,Vigente,5
91273,91273,1308,MATOSINHOS,Solo Urbano - Espaços Urbanos de Baixa Densidade,Solo Urbano,Espaço Urbano de Baixa Densidade,1/15000,CM - Vectorial e Raster,99.69831189153106,DGT,2019-08-21 00:00:00+00:00,01.13.08/PDM/03/2019/166,Vigente,4
91274,91274,1308,MATOSINHOS,Solo Rústico - Espaços Florestais,Solo Rústico,Espaço Florestal,1/15000,CM - Vectorial e Raster,0.6390496595425531,DGT,2019-08-21 00:00:00+00:00,01.13.08/PDM/03/2019/166,Vigente,9
91275,91275,1308,MATOSINHOS,Solo Rústico - Espaços Florestais,Solo Rústico,Espaço Florestal,1/15000,CM - Vectorial e Raster,9.871006555483024,DGT,2019-08-21 00:00:00+00:00,01.13.08/PDM/03/2019/166,Vigente,9
91276,91276,1308,MATOSINHOS,Solo Urbano - Espaços de Atividades Económicas - Áreas de Atividades Económicas,Solo Urbano,Espaço de Atividades Económicas,1/15000,CM - Vectorial e Raster,0.5927513570240932,DGT,2019-08-21 00:00:00+00:00,01.13.08/PDM/03/2019/166,Vigente,5
91277,91277,1308,MATOSINHOS,Solo Urbano - Espaços Urbanos de Baixa Densidade,Solo Urbano,Espaço Urbano de Baixa Densidade,1/15000,CM - Vectorial e Raster,12.07631602666725,DGT,2019-08-21 00:00:00+00:00,01.13.08/PDM/03/2019/166,Vigente,4
91278,91278,1308,MATOSINHOS,Solo Urbano - Espaços de Atividades Económicas - Áreas de Atividades Económicas,Solo Urbano,Espaço de Atividades Económicas,1/15000,CM - Vectorial e Raster,730.687332448858,DGT,2019-08-21 00:00:00+00:00,01.13.08/PDM/03/2019/166,Vigente,5
91279,91279,1308,MATOSINHOS,Solo Urbano - Espaços Urbanos de Baixa Densidade,Solo Urbano,Espaço Urbano de Baixa Densidade,1/15000,CM - Vectorial e Raster,0.8682407897315221,DGT,2019-08-21 00:00:00+00:00,01.13.08/PDM/03/2019/166,Vigente,4
91280,91280,1308,MATOSINHOS,Solo Urbano - Espaços de Atividades Económicas - Áreas de Atividades Económicas,Solo Urbano,Espaço de Atividades Económicas,1/15000,CM - Vectorial e Raster,25.33440422639735,DGT,2019-08-21 00:00:00+00:00,01.13.08/PDM/03/2019/166,Vigente,5
91281,91281,1308,MATOSINHOS,Solo Rústico - Espaços Agrícolas,Solo Rústico,Espaço Agrícola,1/15000,CM - Vectorial e Raster,3.3742183171796407,DGT,2019-08-21 00:00:00+00:00,01.13.08/PDM/03/2019/166,Vigente,8
91282,91282,1308,MATOSINHOS,Solo Rústico - Espaços Agrícolas,Solo Rústico,Espaço Agrícola,1/15000,CM - Vectorial e Raster,22.248273366906243,DGT,2019-08-21 00:00:00+00:00,01.13.08/PDM/03/2019/166,Vigente,8
91283,91283,1308,MATOSINHOS,Solo Rústico - Espaços Agrícolas,Solo Rústico,Espaço Agrícola,1/15000,CM - Vectorial e Raster,12.401391759916349,DGT,2019-08-21 00:00:00+00:00,01.13.08/PDM/03/2019/166,Vigente,8
91284,91284,1308,MATOSINHOS,Solo Rústico - Espaços Agrícolas,Solo Rústico,Espaço Agrícola,1/15000,CM - Vectorial e Raster,0.6619887313058506,DGT,2019-08-21 00:00:00+00:00,01.13.08/PDM/03/2019/166,Vigente,8
91285,91285,1308,MATOSINHOS,Linha de Água,Solo Rústico,Espaço Natural e Paisagístico,1/15000,CM - Vectorial e Raster,0.05704825452186633,DGT,2019-08-21 00:00:00+00:00,01.13.08/PDM/03/2019/166,Vigente,11
91286,91286,1308,MATOSINHOS,Linha de Água,Solo Rústico,Espaço Natural e Paisagístico,1/15000,CM - Vectorial e Raster,0.006514571043520118,DGT,2019-08-21 00:00:00+00:00,01.13.08/PDM/03/2019/166,Vigente,11
91287,91287,1308,MATOSINHOS,Linha de Água,Solo Rústico,Espaço Natural e Paisagístico,1/15000,CM - Vectorial e Raster,0.020115867927053478,DGT,2019-08-21 00:00:00+00:00,01.13.08/PDM/03/2019/166,Vigente,11
91288,91288,1308,MATOSINHOS,Linha de Água,Solo Rústico,Espaço Natural e Paisagístico,1/15000,CM - Vectorial e Raster,0.040432872929528824,DGT,2019-08-21 00:00:00+00:00,01.13.08/PDM/03/2019/166,Vigente,11
91289,91289,1308,MATOSINHOS,Solo Rústico - Espaços Florestais,Solo Rústico,Espaço Florestal,1/15000,CM - Vectorial e Raster,4.43798316328635,DGT,2019-08-21 00:00:00+00:00,01.13.08/PDM/03/2019/166,Vigente,9
91290,91290,1308,MATOSINHOS,Linha de Água,Solo Rústico,Espaço Natural e Paisagístico,1/15000,CM - Vectorial e Raster,0.01746076491581043,DGT,2019-08-21 00:00:00+00:00,01.13.08/PDM/03/2019/166,Vigente,11
91291,91291,1308,MATOSINHOS,Solo Rústico - Espaços Florestais,Solo Rústico,Espaço Florestal,1/15000,CM - Vectorial e Raster,0.6751403462387622,DGT,2019-08-21 00:00:00+00:00,01.13.08/PDM/03/2019/166,Vigente,9
91292,91292,1308,MATOSINHOS,Solo Rústico - Espaços Agrícolas,Solo Rústico,Espaço Agrícola,1/15000,CM - Vectorial e Raster,0.07626724370041629,DGT,2019-08-21 00:00:00+00:00,01.13.08/PDM/03/2019/166,Vigente,8
91293,91293,1308,MATOSINHOS,Solo Rústico - Espaços Agrícolas,Solo Rústico,Espaço Agrícola,1/15000,CM - Vectorial e Raster,0.004458145189401693,DGT,2019-08-21 00:00:00+00:00,01.13.08/PDM/03/2019/166,Vigente,8
91294,91294,1308,MATOSINHOS,Solo Rústico - Espaços Agrícolas,Solo Rústico,Espaço Agrícola,1/15000,CM - Vectorial e Raster,0.04221229312338401,DGT,2019-08-21 00:00:00+00:00,01.13.08/PDM/03/2019/166,Vigente,8
91295,91295,1308,MATOSINHOS,Solo Rústico - Espaços Florestais,Solo Rústico,Espaço Florestal,1/15000,CM - Vectorial e Raster,2.7107848023989267,DGT,2019-08-21 00:00:00+00:00,01.13.08/PDM/03/2019/166,Vigente,9
91296,91296,1308,MATOSINHOS,Solo Rústico - Espaços Florestais,Solo Rústico,Espaço Florestal,1/15000,CM - Vectorial e Raster,2.7954698995622804,DGT,2019-08-21 00:00:00+00:00,01.13.08/PDM/03/2019/166,Vigente,9
91297,91297,1308,MATOSINHOS,Solo Rústico - Espaços Agrícolas,Solo Rústico,Espaço Agrícola,1/15000,CM - Vectorial e Raster,7.249460539290076,DGT,2019-08-21 00:00:00+00:00,01.13.08/PDM/03/2019/166,Vigente,8
91298,91298,1308,MATOSINHOS,Solo Urbano - Espaços Urbanos de Baixa Densidade,Solo Urbano,Espaço Urbano de Baixa Densidade,1/15000,CM - Vectorial e Raster,17.220630669242567,DGT,2019-08-21 00:00:00+00:00,01.13.08/PDM/03/2019/166,Vigente,4
91299,91299,1308,MATOSINHOS,Linha de Água,Solo Rústico,Espaço Natural e Paisagístico,1/15000,CM - Vectorial e Raster,0.09146654662695437,DGT,2019-08-21 00:00:00+00:00,01.13.08/PDM/03/2019/166,Vigente,11
91300,91300,1308,MATOSINHOS,Linha de Água,Solo Rústico,Espaço Natural e Paisagístico,1/15000,CM - Vectorial e Raster,0.12097373533379287,DGT,2019-08-21 00:00:00+00:00,01.13.08/PDM/03/2019/166,Vigente,11
91301,91301,1308,MATOSINHOS,Linha de Água,Solo Rústico,Espaço Natural e Paisagístico,1/15000,CM - Vectorial e Raster,0.1463502325911075,DGT,2019-08-21 00:00:00+00:00,01.13.08/PDM/03/2019/166,Vigente,11
91302,91302,1308,MATOSINHOS,Solo Rústico - Espaços Naturais e Paisagísticos ,Solo Rústico,Espaço Natural e Paisagístico,1/15000,CM - Vectorial e Raster,0.025642214889111347,DGT,2019-08-21 00:00:00+00:00,01.13.08/PDM/03/2019/166,Vigente,11
91303,91303,1308,MATOSINHOS,Linha de Água,Solo Rústico,Espaço Natural e Paisagístico,1/15000,CM - Vectorial e Raster,0.042626139193819836,DGT,2019-08-21 00:00:00+00:00,01.13.08/PDM/03/2019/166,Vigente,11
91304,91304,1308,MATOSINHOS,Solo Urbano - Espaços Verdes,Solo Urbano,Espaço Verde,1/15000,CM - Vectorial e Raster,3.050464124073798,DGT,2019-08-21 00:00:00+00:00,01.13.08/PDM/03/2019/166,Vigente,7
91305,91305,1308,MATOSINHOS,Solo Urbano - Espaços Centrais,Solo Urbano,Espaço Central,1/15000,CM - Vectorial e Raster,0.14879804427858834,DGT,2019-08-21 00:00:00+00:00,01.13.08/PDM/03/2019/166,Vigente,2
91306,91306,1308,MATOSINHOS,Solo Rústico - Espaços Agrícolas,Solo Rústico,Espaço Agrícola,1/15000,CM - Vectorial e Raster,21.177072248489242,DGT,2019-08-21 00:00:00+00:00,01.13.08/PDM/03/2019/166,Vigente,8
91307,91307,1308,MATOSINHOS,Solo Urbano - Espaços de Atividades Económicas - Áreas de Atividades Económicas,Solo Urbano,Espaço de Atividades Económicas,1/15000,CM - Vectorial e Raster,39.781620647529316,DGT,2019-08-21 00:00:00+00:00,01.13.08/PDM/03/2019/166,Vigente,5
91308,91308,1308,MATOSINHOS,Solo Urbano - Espaços Verdes,Solo Urbano,Espaço Verde,1/15000,CM - Vectorial e Raster,1.8764977787180308,DGT,2019-08-21 00:00:00+00:00,01.13.08/PDM/03/2019/166,Vigente,7
91309,91309,1308,MATOSINHOS,Solo Urbano - Espaços Verdes,Solo Urbano,Espaço Verde,1/15000,CM - Vectorial e Raster,0.7454829135919877,DGT,2019-08-21 00:00:00+00:00,01.13.08/PDM/03/2019/166,Vigente,7
91310,91310,1308,MATOSINHOS,Solo Urbano - Espaços Verdes,Solo Urbano,Espaço Verde,1/15000,CM - Vectorial e Raster,0.6094379288252938,DGT,2019-08-21 00:00:00+00:00,01.13.08/PDM/03/2019/166,Vigente,7
91311,91311,1308,MATOSINHOS,Solo Urbano - Espaços Verdes,Solo Urbano,Espaço Verde,1/15000,CM - Vectorial e Raster,1.1789317588043924,DGT,2019-08-21 00:00:00+00:00,01.13.08/PDM/03/2019/166,Vigente,7
91312,91312,1308,MATOSINHOS,Solo Urbano - Espaços Verdes,Solo Urbano,Espaço Verde,1/15000,CM - Vectorial e Raster,1.993729239298863,DGT,2019-08-21 00:00:00+00:00,01.13.08/PDM/03/2019/166,Vigente,7
91313,91313,1308,MATOSINHOS,Solo Rústico - Espaços Agrícolas,Solo Rústico,Espaço Agrícola,1/15000,CM - Vectorial e Raster,0.6204217664150521,DGT,2019-08-21 00:00:00+00:00,01.13.08/PDM/03/2019/166,Vigente,8
91314,91314,1308,MATOSINHOS,Solo Rústico - Espaços Agrícolas,Solo Rústico,Espaço Agrícola,1/15000,CM - Vectorial e Raster,0.2195038357839454,DGT,2019-08-21 00:00:00+00:00,01.13.08/PDM/03/2019/166,Vigente,8
91315,91315,1308,MATOSINHOS,Solo Rústico - Espaços Florestais,Solo Rústico,Espaço Florestal,1/15000,CM - Vectorial e Raster,24.033744854127104,DGT,2019-08-21 00:00:00+00:00,01.13.08/PDM/03/2019/166,Vigente,9
91316,91316,1308,MATOSINHOS,Solo Rústico - Espaços Agrícolas,Solo Rústico,Espaço Agrícola,1/15000,CM - Vectorial e Raster,0.2500801297343336,DGT,2019-08-21 00:00:00+00:00,01.13.08/PDM/03/2019/166,Vigente,8
91317,91317,1308,MATOSINHOS,Solo Urbano - Espaços Verdes,Solo Urbano,Espaço Verde,1/15000,CM - Vectorial e Raster,0.5749655866769783,DGT,2019-08-21 00:00:00+00:00,01.13.08/PDM/03/2019/166,Vigente,7
91318,91318,1308,MATOSINHOS,Solo Urbano - Espaços Verdes,Solo Urbano,Espaço Verde,1/15000,CM - Vectorial e Raster,0.696257573022024,DGT,2019-08-21 00:00:00+00:00,01.13.08/PDM/03/2019/166,Vigente,7
91319,91319,1308,MATOSINHOS,Solo Urbano - Espaços Verdes,Solo Urbano,Espaço Verde,1/15000,CM - Vectorial e Raster,0.11792432247986435,DGT,2019-08-21 00:00:00+00:00,01.13.08/PDM/03/2019/166,Vigente,7
91320,91320,1308,MATOSINHOS,Solo Urbano - Espaços Verdes,Solo Urbano,Espaço Verde,1/15000,CM - Vectorial e Raster,1.9712212061070138,DGT,2019-08-21 00:00:00+00:00,01.13.08/PDM/03/2019/166,Vigente,7
91321,91321,1308,MATOSINHOS,Solo Urbano - Espaços Verdes,Solo Urbano,Espaço Verde,1/15000,CM - Vectorial e Raster,1.6351427057449008,DGT,2019-08-21 00:00:00+00:00,01.13.08/PDM/03/2019/166,Vigente,7
91322,91322,1308,MATOSINHOS,Solo Urbano - Espaços Verdes,Solo Urbano,Espaço Verde,1/15000,CM - Vectorial e Raster,3.3405694421951937,DGT,2019-08-21 00:00:00+00:00,01.13.08/PDM/03/2019/166,Vigente,7
91323,91323,1308,MATOSINHOS,Solo Urbano - Espaços Verdes,Solo Urbano,Espaço Verde,1/15000,CM - Vectorial e Raster,0.6469923353271237,DGT,2019-08-21 00:00:00+00:00,01.13.08/PDM/03/2019/166,Vigente,7
91324,91324,1308,MATOSINHOS,Solo Rústico - Espaços Agrícolas,Solo Rústico,Espaço Agrícola,1/15000,CM - Vectorial e Raster,5.102225302710902,DGT,2019-08-21 00:00:00+00:00,01.13.08/PDM/03/2019/166,Vigente,8
91325,91325,1308,MATOSINHOS,Solo Urbano - Espaços Verdes,Solo Urbano,Espaço Verde,1/15000,CM - Vectorial e Raster,0.95936706255147,DGT,2019-08-21 00:00:00+00:00,01.13.08/PDM/03/2019/166,Vigente,7
91326,91326,1308,MATOSINHOS,Solo Rústico - Espaços Agrícolas,Solo Rústico,Espaço Agrícola,1/15000,CM - Vectorial e Raster,1.0168993165820313,DGT,2019-08-21 00:00:00+00:00,01.13.08/PDM/03/2019/166,Vigente,8
91327,91327,1308,MATOSINHOS,Solo Rústico - Espaços Naturais e Paisagísticos ,Solo Rústico,Espaço Natural e Paisagístico,1/15000,CM - Vectorial e Raster,0.3080922879345249,DGT,2019-08-21 00:00:00+00:00,01.13.08/PDM/03/2019/166,Vigente,11
91328,91328,1308,MATOSINHOS,Solo Rústico - Espaços Naturais e Paisagísticos ,Solo Rústico,Espaço Natural e Paisagístico,1/15000,CM - Vectorial e Raster,0.47579850500291215,DGT,2019-08-21 00:00:00+00:00,01.13.08/PDM/03/2019/166,Vigente,11
91329,91329,1308,MATOSINHOS,Solo Rústico - Espaços Agrícolas,Solo Rústico,Espaço Agrícola,1/15000,CM - Vectorial e Raster,46.326655852991124,DGT,2019-08-21 00:00:00+00:00,01.13.08/PDM/03/2019/166,Vigente,8
91330,91330,1308,MATOSINHOS,Solo Rústico - Espaços Naturais e Paisagísticos ,Solo Rústico,Espaço Natural e Paisagístico,1/15000,CM - Vectorial e Raster,0.010337758032651618,DGT,2019-08-21 00:00:00+00:00,01.13.08/PDM/03/2019/166,Vigente,11
91331,91331,1308,MATOSINHOS,Solo Urbano - Espaços Verdes,Solo Urbano,Espaço Verde,1/15000,CM - Vectorial e Raster,2.196622367115242,DGT,2019-08-21 00:00:00+00:00,01.13.08/PDM/03/2019/166,Vigente,7
91332,91332,1308,MATOSINHOS,Solo Urbano - Espaços Verdes,Solo Urbano,Espaço Verde,1/15000,CM - Vectorial e Raster,0.5948521728421794,DGT,2019-08-21 00:00:00+00:00,01.13.08/PDM/03/2019/166,Vigente,7
143231,143231,1308,MATOSINHOS,Solo Urbano - Espaços Urbanos de Baixa Densidade,Solo Urbano,Espaço Urbano de Baixa Densidade,1/15000,CM - Vectorial e Raster,65.2449,DGT,2019-08-21 00:00:00+00:00,01.13.08/PDM/03/2019/166,Vigente,4
143232,143232,1308,MATOSINHOS,Solo Rústico - Espaços Naturais e Paisagísticos ,Solo Rústico,Espaço Natural e Paisagístico,1/15000,CM - Vectorial e Raster,3.79456,DGT,2019-08-21 00:00:00+00:00,01.13.08/PDM/03/2019/166,Vigente,11
